producto_id,Processor Speed,Processor Cores,RAM Gbs,Storage Gbs,Display Inches,GPU Model,USB Ports,Operating System,Weight,Battery mAh
1,,,,,,,0,,,
2,2.6 GHz,8,16,512,15.4,NVidia RTX 4080 Ti,3,,,
3,4.70GHz,10,16GB,512GB,15.6,Intel Iris Xe Graphics,4,Windows 11 Pro,1.90kg,
4,3.0Ghz,16,64,512,17,NVidia RTX 4080 Ti,2,,,
5,,,,,,,,,,
6,5 GHz,10,16 GB,512 GB,14 inches,Intel Iris Xe Graphics,2,Windows 11 Pro,1.9 kg,
7,5,10,16,512,14,,4,Windows 11 Pro,1.38,
8,,0,,,,,,,,
9,4.5 GHz,6,16,512,14,AMD Radeon Graphics,4,Windows 11 Pro,1.48,
10,2.5GHz,8,16,512,15.6,NVidia RTX 3080 Ti,3,Windows 10 Pro,,80
11,2.5 GHz,8,16,1,15.6,AMD Vega 7 Integrada,4,Windows 11,,4000
12,,8,16,1000,15.6,AMD Vega 7,4,,1.7,4000
13,1.8 GHz,4,16 GB,1000 GB,15.6,Intel Xe LPG Graphics,3,Windows 11 Pro,1.9 kg,
14,1.8GHz,4,16,1024,15.6,,3,,1.9,
15,2.5 GHz,4,16,1000,15.6,Intel Xe LPG Graphics,3,Windows 11,1.9,
16,2.7 GHz,4,16,1,15.6,Intel Xe LPG Graphics,3,Windows 11 Pro,1.9,
17,up to 7 (Intel Core Ultra 7 155H),,16,1,15.6,Intel Xe LPG Graphics,3,,1.9,
18,185H,4,16,1,15.6,Intel Xe LPG Graphics,3,Windows 11 Pro,1.9,
19,28W,1,16GB,1000GB,15.6,Intel Xe LPG Graphics,3,,1.9kg,
20,2.8 GHz,4,16 GB,1 TB,15.6,Intel Xe LPG Graphics,3,Windows 11,1.9 kg,
21,,4,8,256,15.6,Intel Iris Xe,5,Windows 11,1.7,4000
22,,4,16,500,15.6,Intel Iris Xe,3,,1.7,4000
23,2.8 GHz,4,16,512,15.6,NVidia RTX 3080 Ti,3,Windows,,90
24,,,,,,,,,,
25,2.6 GHz,4,8,256,15.6,Intel Iris Xe,3,Windows 11,,4000
26,2.1 GHz,4,16,1024,15.6,Intel Iris Xe,3,Windows 11 Home Advanced,1.7,4000
27,2.1 GHz,4,16 GB,500 GB,15.6,Intel Iris Xe,3,Windows 11 Home Advanced,1.7 Kg,4000
28,1.8GHz,4,16GB,500GB,15.6,Intel Iris Xe,3,,1.7Kg,
29,2.5 GHz,4,16,500,15.6,Intel Iris Xe,3,Sin sistema operativo,1.7,4000
30,2.1 GHz,4 cores,16,500,15.6,Intel Iris Xe,3,None,1.7,4000
31,None,4,8,256,15.6,Intel Iris Xe,3,Windows 11,1.7,4000
32,up to 4.5 GHz,8,8,500,14,Intel Iris Xe,3,Windows 11,1.5,4000
33,2.5 GHz,4,8,500,15.6,Intel Iris Xe,3,Windows 11,1.7,
34,2.8 GHz,4,16,512,15.6,NVidia RTX 3070 Ti,3,Windows 11,,
35,,,16GB,1TB,15.6,Intel Iris Xe,3,,1.7,4000
36,2.5 GHz,4,16 GB,1 TB,15.6,Intel Iris Xe,3,Windows 11,1.7 kg,4000 mAh
37,,4,16,500,15.6,Intel Iris Xe,3,,1.7,4000
38,2.9 GHz,4,16,500,15.6,Intel Iris Xe,3,Windows 11,1.7,4000
39,2.5 GHz,4,32,1000,15.6,Intel Iris Xe,4,Windows 11,1.7,4000
40,,,,,,,,,,
41,,0,,,,,,,,
42,,,,,,,,,,
43,,0,,,,,,,,
44,,,,,,,,,,
45,2.30 GHz,8,16,1,15.6,AMD Radeon,3,Windows 11,1.75,
46,up to 4.3 GHz,8,16,500,15.6,AMD Radeon,4,Sin sistema operativo,1.75,
47,,8,16,500,15.6,AMD Radeon,4,Windows 11,1.75,0
48,Intel Core i5-1235U,,16,1,15.6,Intel Iris Xe Graphics,3,,,
49,2.6 GHz,4,16,1024,15.6,Intel Iris Xe Graphics,5,Sin sistema operativo,1.75,
50,,4,16,500,15.6,Intel Iris Xe Graphics,5,,1.75,
51,2.6 GHz,4,16,500,15.6,Intel Iris Xe Graphics,3,Sin sistema operativo,1.75,
52,1.30 GHz,4,16,500,15.6,Intel Iris Xe Graphics,3,Windows 11,1.75,
53,Intel Core i5-1235U,4,16GB,500GB,15.6,Intel Iris Xe Graphics,3,Windows 11,1.75 Kg,
54,,8,,,,,,,,
55,,8,,,13.3,Apple GPU,2,macOS Big Sur,1.29 kg,
56,,8,8,512,13.3,Apple GPU,2,macOS Big Sur,1.29,
57,,,,,,,,,,u003e
58,,,,,,,,,,
59,,,,,,,,,,
60,,8,8,256,13,,1,macOS,,
61,Base speed,8,8,256,13.6,"Apple GPU, 10 cores",2,MacOS,,
62,,8,8,256,13.6,,2,,,
63,,8,8,256,15.3,,2,Apple,1.29,
64,,,,,,,,,,
65,,0,,,,,,,,
66,,,,,,,,,,
67,,,,,,,,,,
68,,,,,,,,,,
69,2.8 GHz,4,16,512,15.6,NVidia RTX 4080 Ti,3,Windows 10,,80
70,,,,,,,,,,
71,Base speed: 1.7 GHz,4,8,256,13.3,Intel UHD Graphics 617,2,macOS Mojave,1.25,
72,,,,,,,,,,
73,,,,,,,,,,
74,2.6 GHz,4,8 GB,256 GB,12.9 inches,Intel UHD Graphics 617,2,macOS Mojave,1.25 kg,
75,,,,,,,0,,,
76,,0,,,,,,,,
77,,,,,,,,,,
78,2.8 GHz,8,16 GB,512 GB,15.6 inches,NVidia GeForce RTX 3070 Ti,3,,,
79,,8,16,512,13.3,Apple GPU,2,macOS Big Sur,1.29,49900
80,,,,,,,,,,
81,,,,,,,,,,
82,,,,,,,,,,
83,,,,,,,,,,
84,,Total cores: 8,16 GB,512 GB SSD,14,,3,macOS Monterey,1.6,
85,,,,,,,,,,
86,,,,,,,,,,
87,2.4 GHz,8,64,1024,16.0,,3,macOS Monterey,2.2 kg,10710
88,,4,,,,,,,,
89,,,,,,,,,,
90,3.5 GHz,4,16,512,14,NVidia RTX 4080 Ti,2,Windows 10,,9600
91,2.8 GHz,6,16,512,15.6,NVidia RTX 4080 Ti,3,,,
92,,,,,,,,,,
93,,8,16GB,512GB,13,,,macOS Monterey,1.6,
94,,,,,,,,,,
95,,,,,,,,,,
96,,,,,,,,,,
97,up to 2.0 GHz,,16 GB,512 GB,14.2 inches,Apple GPU,3,macOS Monterey,1.6 kg,
98,,0,,,,,,,,
99,,0,0,0,,,0,,,
100,,,,,,,0,,,
101,4.5GHz,8,16,512,15.6,NVidia RTX 4080 Ti,3,,,
102,,,,,,,,,,
103,,,,,,,,,,
104,,,,,,,,,,
105,,0,,,,,,,,
106,,,,,,,,,,
107,3.4 GHz,8,32,512,15.6,NVidia GeForce RTX 3080 Ti,3,,,
108,,0,,,,,,,,
109,,,,,,,0,,,
110,2.5 GHz,4,16,512,15.6,NVidia RTX 4080 Ti,3,,,
111,,,,,,,,,,
112,,,,,,,,,,
113,none,8,16,512,14,NVidia RTX 4080 Ti,4,macOS,1.6,
114,up to 3.7 GHz,10 cores,64 GB,8 TB SSD,14 inches,AMD Radeon Pro W6800X,4,macOS,1.6 kg,
115,2.9 GHz,10,64 GB,8 TB,16,None mentioned,4,macOS,2.15 kg,
116,None,8,64,None,16,NVIDIA GeForce RTX 4080 Ti,4,macOS,2.15,None
117,,6,64,1000,16,,4,macOS,2.15,
118,,,,,,,,,,
119,3.5 GHz,8,16,512,15.6,NVidia RTX 3070 Ti,2,,,90
120,,,,,,,,,,
121,2.5GHz,8,16,512,15.6,NVidia RTX 3080 Ti,3,,,
122,2.4 GHz,8,16,512,15.6,NVidia RTX 4080 Ti,3,,,
123,2.8 GHz,8,16,512,15.6,NVidia RTX 4080 Ti,3,,,
124,,,,,,,,,,
125,,,,,,,,,,
126,,,,,,,,,,
127,,,,,,,,,,
128,,,,,,,,,,
129,,,,,,,0,,,
130,,,,,,,,,,
131,2.8 GHz,16,32 GB,1 TB,17.3 inches,NVidia GeForce RTX 4080 Ti,4,,,
132,2.5 GHz,8,16,512,15.6,NVidia GeForce GTX 1660 Ti,3,,,
133,,,,,,,,,,
134,2.8GHz,4,16,512,14,NVidia RTX 4080 Ti,3,Windows 10,,
135,,,,,,,,,,
136,,,,,,,1,,,
137,,,,,,,,,,
138,,0,0,0,0,,0,,,
139,,,,,,,,,,
140,,,,,,,,,,
141,2.8 GHz,4,16,512,,Intel Iris Plus Graphics,3,"macOS, Windows 10",1.37,5940
142,2.9 GHz,4,8,512,13.3,,0,macOS Sierra,1.37,
143,1.4 GHz,4,8,0,15.6 inches,Intel Iris Plus Graphics 645,2,macOS Catalina,1.4,
144,2.6 GHz,4,8 GB,256 GB,13.3,,2,macOS Mojave,1.37 kg,5667 mAh
145,2.8 GHz,6,16,512,14,NVidia RTX 3080,4,,,
146,3.5 GHz,2,8,512,13.3,,,macOS Sierra,1.37,
147,Base speed: 1.65 GHz,4,8,256,13.3,,2,macOS Mojave,1.37,
148,2.10 GHz,4,16 GB,512 GB,15.4 inches,Intel Iris Plus Graphics 655,4,macOS Mojave,1.37 kg,
149,2.2 GHz,6,16,256,15.4,AMD Radeon Pro 555X,1,macOS Mojave,1.83,
150,2.4 GHz,4,16 GB,512 GB,15.5 inches,Intel HD Graphics 530,4,macOS Sierra,1.83 kg,
151,2.6 GHz,4,16 GB,256 GB,15.5 inches,Intel HD Graphics 530,0,macOS Sierra,1.83 kg,
152,2.6 GHz,6,16 GB,512 GB,15.4 inches,AMD Radeon Pro 560X,,macOS Mojave,1.83 kg,
153,2.5 GHz,6,16,512,14,NVidia RTX 3070 Ti,3,,,
154,2.8 GHz,10,16,512,15.6,NVidia GeForce GTX 1650,3,,,
155,,,,,,,,,,
156,2.3 GHz,8,16,512,15.4,AMD Radeon Pro 560X,4,macOS Mojave,1.83,
157,,,,,,,,,,
158,3.20GHz,8,16,512,15.6,NVidia RTX 3080 Ti,2,,,90
159,,,,,,,,,,
160,,,,,,,,,,
161,,8,16,512,15.6,,2,,,7000
162,,,,,,,,,,
163,,0,,,,,0,,,
164,,,,,,,,,,
165,,,,,,,,,,
166,,,,,,,0,,,
167,2.7GHz,8,16,512,15.6,NVidia RTX 4080 Ti,3,,,90
168,,,,,,,,,,
169,2.8 GHz,6,16 Gb,512 Gb,15.4,NVidia GeForce RTX 3080 Ti,3,,,
170,2.8 GHz,4,16,512,15.6,NVidia GeForce RTX 3070 Ti,2,,,90
171,,,,,,,0,,,
172,,,,,,,,,,
173,,,,,,,,,,
174,,,,,,,,,,
175,,,,,,,,,,
176,,,,,,,,,,
177,,,,,,,,,,
178,,0,,,,,,,,
179,,,,,,,,,,
180,,0,,,,,,,,
181,2.8 GHz,10,16,512,15.6,NVidia RTX 3080 Ti,4,,,
182,,0,,,,,,,,
183,,,,,,,,,,
184,2.4GHz,6,16GB,512,15.6,NVidia GeForce GTX 1660 Ti,2,Windows 10 Home,,5200
185,3.5 GHz,8,16,512,15.6,NVidia GeForce RTX 4080 Ti,2,,,90
186,3.20 GHz,4,16 Gb,512 Gb,14,NVidia GeForce GTX 1650,2,Windows 10 Home,,
187,,0,,,,,,,,
188,,,,,,,,,,
189,2.6 GHz,6,16,512,16,AMD Radeon Pro 5300M,4,macOS,2,
190,2.6 GHz,6,16 GB,512 GB,16 inches,AMD Radeon Pro 5300M,4,macOS,2 kg,
191,2.3 GHz,8 cores,16 GB,1 TB,16 inches,AMD Radeon Pro 5500M,4,macOS,2 kg,
192,2.3 GHz,8,16,1000,16,AMD Radeon Pro 5500M,4,macOS,2,
193,2.4 GHz,8,32,2048,16,AMD Radeon Pro 5500M,4,macOS,2,
194,2.4 GHz,8,32,2048,16,AMD Radeon Pro 5500M,4,macOS,2,
195,,,,,,,,,,
196,,,,,,,,,,
197,,,,,,,,,,
198,1.0 GHz hasta 3.6 GHz,4,8,512,15.6,Integrated: Intel UHD Graphics,5,Windows 10 Home,1.8,
199,2.4 GHz,8,16,512,15.6,NVidia RTX 4080 Ti,3,Windows 10,,90
200,2.4 GHz,8,16,512,15.6,NVidia GeForce GTX 1660 Ti,3,,,
201,2.9 GHz,8,16,512,15.6,NVidia RTX 3070 Ti,3,,,80
202,,,,,,,,,,
203,4Gz,8,16,512,15.6,NVidia GeForce RTX 3050,5,,2.4,
204,None,None,16,512,15.6,NVIDIA GeForce RTX 3080 Ti,4,Windows 10 Home 64 Bits,2.7,90
205,,0,,,,,,,,
206,3.20 GHz,8,16,512,14,NVidia GeForce RTX 3080 Ti,2,,,
207,,,,,,,,,,
208,,,,,,,0,,,
209,,,,,,,,,,
210,1.4 GHz,8,16,512,15.6,NVIDIA GeForce RTX 3080,3,,2.2,90
211,Base speed of processor cores,8,16,512,15.6,NVIDIA GeForce RTX 3070,5,,2.2,
212,,,,,,,,,,
213,,0,,,,,0,,,
214,,,,,,,,,,
215,,,,,,,,,,
216,4.2GHz,4,16,512,14,Intel Iris Xe Graphics,5,Windows 10 Home 64 Bits,1.4,
217,Not mentioned,Not mentioned,8,Not mentioned,35.98 x 23.43 cm (diagonal),GeForce RTX series 30,4,Windows 11 Home 64 bits,1.80 kg,70 Wh (approx.)
218,5GHz,DecaCore,16,1,13.3,Intel Iris Xe Graphics,4,Windows 11 Home,1,
219,,,,,,,,,,
220,5.0GHz,14,32,1000,15.6,NVIDIA GeForce RTX 3050,4,Windows 11 Pro,2.1,
221,5.0GHz,14,32GB,2TB,15.6,NVIDIA GeForce RTX 3050,4,Windows 11 Pro,2.1kg,
222,4.2 GHz,4,8 GB,256 GB,14,Integrated Intel Iris Xe,5,Windows 10 Pro 64 bits,1.52 kg,
223,,0,,,,,,,,
224,up to 4.8 GHz,2,16GB,512GB,14,Intel Iris Xe,5,Windows 11 Pro,1.54 kg,
225,,,,,,,,,,
226,,,,,,,,,,
227,,,8,256,,,4,Windows,1.78,
228,3.20 GHz,8,16 GB,512 GB,15.6 inches,NVidia GeForce GTX 1650 Ti,2,,,
229,2.5 GHz,8,16,512,15.6,NVidia RTX 3080 Ti,3,,,
230,3.5 GHz,8,16,512,15.6,NVidia GeForce GTX 1650 Ti,2,Windows 10,,
231,,,,,,,,,,
232,2.4 GHz,8,16,512,15.6,NVidia GeForce GTX 1660 Ti,3,Windows 10 Home,1.48,
233,1.8 GHz,4,16 GB,512 GB,14 inches,Intel UHD Graphics,5,Windows 10 Pro 64 bits,1.47 kg,
234,4Ghz,8,16,512,,Integrated Graphics,2,Windows 11 Pro,1.39kg,54Wh
235,up to 4 GHz,4,8,256,14,,3,Windows 11 Pro,1.39,5200
236,2.8 GHz,4,16,512,,NVIDIA GeForce MX450,2,Windows 11 Pro,1.39,4400
237,2.7 GHz,4,16,512,,Intel Iris Xe Graphics,2,Windows 11 Pro,1.39,
238,,,,,,,0,,,
239,,,,,,,,,,
240,2.8 GHz,16,64 GB,1 TB,15.6 Inch,NVidia GeForce RTX 3080,3,,,
241,,,,,,,,,,
242,1.6 GHz,4,8 GB,256 GB,15.6,Integrated: Intel UHD Graphics 620,5,Windows 10 Pro 64 bits,1.82 kg,
243,,,,,,,,,,
244,up to 2.7 GHz,4,16,512,14,Intel Iris Xe Graphics,2,Windows 11 Pro,1.61,
245,4.7 GHz,8,16,512,15.6,NVidia RTX 3080 Ti,2,,,
246,,,,,,,,,,
247,,,,,,,,,,
248,,,,,,,,,,
249,,,,,,,,,,
250,,,,,,,,,,
251,,,,,,,,,,
252,,,,,,,,,,
253,3.0 GHz,8,16,512,15.6,NVidia RTX 3080 Ti,2,,,
254,,,,,,,,,,
255,,,,,,,,,,
256,1.9 GHz,4,16 GB,512 GB,14 inches,Intel UHD Graphics 620,3,Windows 10 Pro 64 bits,1.35 kg,
257,1.8 GHz,4,16 GB,512 GB,14 inches,Intel UHD Graphics,3,Windows 10 Pro 64 bits,1.33 kg,
258,4.80 GHz,4,16,512,14,Intel Iris Xe Graphics,3,Windows 10 Pro 64 bits,1.22,
259,,,,,,,,,,
260,up to 4.7 GHz,8,16 GB,512 GB,15.6 inches,Integrated Intel Iris Xe Graphics,3,Windows 11 Pro,,
261,,0,,,,,,,,
262,,,,,,,,,,
263,,,,,,,,,,
264,,,,,,,,,,
265,,,,,,,,,,
266,,,,,,,,,,
267,2.4 GHz,8,16,512,15.6,NVidia RTX 3080 Ti,3,,,
268,2.5GHz,8,16,512,15.6,NVidia RTX 3080 Ti,3,Windows 10,,
269,3.50 GHz,16,64.0,1024.0,17.3,NVidia RTX 4080 Ti,2,,,
270,1.8 GHz,4,16,512,,Nvidia GeForce MX350,2,Windows 11 Pro,1.62,54
271,,0,0,0,0,,0,,0,0
272,2.7 GHz,8,16,512,15.6,NVidia GeForce RTX 3080 Ti,2,Windows 10,,
273,,,,,,,,u003e,,
274,2.3 GHz,8,16,512,15.6,NVidia RTX 3080 Ti,2,,,72000
275,,,,,,,,,,
276,,,,,,,,,,
277,5.4,14,32,1,16,NVIDIA RTX 3500,3,Windows 11 Pro,1.91,
278,,,,,,,,,,
279,4.70 GHz,14,16 GB,512 GB,17,NVIDIA RTX A2000,4,Windows 10 Pro 64 bits,2.57 kg,
280,,,,,15.6,NVidia RTX 4080 Ti,4,Windows,2.3,
281,base speed (not boost/turbo),6,16,512,15.6,Nvidia GeForce RTX 3050 Ti,2,Windows 11 Pro,2.6 kg,83 Wh
282,up to 5.00 GHz,4,64 GB,1024,14,NVidia GeForce RTX 3080 Ti,3,Windows,2.6,
283,,,,,,,,,,
284,e,,,,,,,,,
285,,,,,,,,,,
286,4.3 GHz,8,16 GB,512 GB,15.6,Integrated AMD Radeon Graphics,3,Windows 11 Pro,1.94 kg,
287,2.5GHz,8,16,512,15.6,NVidia RTX 4080 Ti,3,,,
288,,,,,,,,,,
289,4.6 GHz,12,16 GB,512 GB,16,NVIDIA RTX 2050,3,Windows 11 Pro,1.9 kg,
290,,,,,,,,,,
291,,,,,,,,,,
292,,,,,,,,,,
293,,,,,,,,,,
294,2.4 GHz,4,8,256,15.6,Intel Iris Xe,3,SIN SISTEMA OPERATIVO,1.76 kg,
295,up to 4.8 GHz,16,48,512,15.6,Nvidia GeForce RTX 3080 Ti,5,FreeDOS (no sistema operativo),2.12,
296,,0,,,,,,,,
297,,,,,,,,,,
298,5 GHz,,16 GB,1 TB,16 inches,NVIDIA GeForce RTX 4070,3,Windows 11 Home,1.9 kg,
299,Base speed,4,16,512,15.6,NVidia GeForce RTX 4080 Ti,3,Windows 11 Pro,2.1,
300,,,,,,,,,,
301,2.8 GHz,6,16,512,14,NVidia RTX 4080 Ti,3,Windows 11,,78000
302,2.80 GHz,4,16 GB,512 GB,15.6 inches,NVidia GeForce RTX 3050 Ti,3,,,
303,2.5 GHz,8,16,512,15.6,NVidia GeForce GTX 1660 Ti,3,Windows 10,,
304,,,,,,,,,,
305,3.70GHz,14,16,512,15.6,NVIDIA GeForce RTX 4070,5,Windows 11 Home,2.25,
306,3.70 GHz,14 cores,16,512,15.6,NVIDIA GeForce RTX 4070,5,Windows 11,2.25,
307,,,,,,,,,,
308,,0,0,0,0,,0,,,
309,,,,,,,,,,
310,,,,,,,,,,
311,,0,,,,,,,,
312,,,,,,,,,,
313,,,,,,,,,,
314,,,,,,,,,,
315,3.0 GHz,8,16,512,15.6,NVidia RTX 3080 Ti,2,,,5600
316,,,,,,,,,,
317,,,16,512,15.6 inches,NVidia GeForce RTX,2,Windows,,
318,,8,16,512,14,NVidia RTX 4080 Ti,4,,,86000
319,3.20 GHz,8,32,512,15.6,NVidia RTX 4080 Ti,2,,,
320,,,,,,,,,,
321,,,,,,,,,,
322,,,,,,,,,,
323,,,,,,,,,,
324,1.5 GHz,8,16 GB,512 GB,15.6 inches,NVidia GeForce RTX 2060,3,Windows 10,,
325,Not specified,8,16,512,15.6,NVidia GeForce RTX 4080 Ti,3,Not specified,,
326,,,,,,,,,,
327,,,,,,,,,,
328,base speed,8,64,512,15.6,NVidia RTX 4080 Ti,3,Windows,2.5,
329,2.5 GHz,8,16 GB,512 GB,15.6 inch,Nvidia GeForce RTX 4080 Ti,3,Windows,,
330,,4,16,512,15.6,NVidia GeForce RTX 4080 Ti,2,Windows 11 Home,2.08,54000
331,4.7 GHz,8 cores,16,1000,15.6 inches,NVidia GeForce RTX 4060 Laptop GPU,11,,1.9 kg,
332,2.5 GHz,4,16,512,15.6,NVidia GeForce RTX 4080 Ti,2,FreeDOS,2.08,
333,,,,,,,,,,
334,,,,,,,,,,
335,,2,8,512,,AMD Radeon RX 6800 XT,2,,,
336,base speed,8,16,512,15.6,NVidia GeForce RTX 4080 Ti,2,Windows,,
337,4,4,8,512,15.6,AMD Radeon™,4,Windows 11 Home,1.59,
338,4.3 GHz,8,8,512,15.6,AMD Radeon,4,Windows 11 Home,1.59,
339,2.0 GHz,4,8,256,14,,3,Windows 11 Home in S mode,1.59,
340,,,,,,,,,,
341,,,,,,,,,,
342,,,,,,,,,,
343,4.60GHz,10,8GB,512GB,15.6,Intel Iris Xe,3,Windows 11 Home,1.59kg,
344,,,,,,,,,,
345,,,,,,,,,,
346,,0,,,,,,,,
347,,,,,,,,,,
348,,0,,,,,,,,
349,2.7 GHz,8,16,512,15.6,NVidia RTX 4080 Ti,3,,,90
350,,0,0,0,0,,0,,0,0
351,4.1 GHz,4,8 GB,256 GB,15.6 inches,AMD Radeon,3,Windows 11 Home in mode S,1.59 kg,
352,Faster than 3.0 GHz,,8,512,14,,2,FreeDOS,1.59,
353,2.8GHz,8,16,512,15.6,NVidia RTX 3080 Ti,3,Windows,,80
354,,4,8,256,14,,2,Windows 11 Home,1.59,
355,"up to 4,6 GHz",10,16,512,15.6,Intel Iris Xe Graphics,3,Windows 11 Home 64 Bits,1.59,
356,,,,,,,,,,
357,4 GHz,6,8 GB,512 GB,15.6,AMD Radeon,3,Windows 11 Home,1.69 kg,
358,4,6,8,512,15.6,AMD Radeon,4,Windows 11 Home,1.69,41
359,,,,,,,0,,,
360,4.3 GHz,8,12,512,15.6,AMD Radeon,4,Windows 11 Home,1.69 kg,
361,,,,,,,,,,
362,2.0 GHz,4,8,256,15.6,,3,Windows 11 Home,1.69,
363,4.2 GHz,4,8,512,15.6,Intel Iris Xe Graphics,4,Windows 10 Home 64 bits,1.69,
364,,,,,,,0,,,
365,2.4 GHz,8,16,512,15.6,NVidia GeForce RTX 3080 Ti,3,Windows 11,,
366,5.0 GHz,4,16 GB,512,15.6,Intel Iris Xe,3,FreeDOS,1.69 kg,
367,4.5 GHz,4,8,256,15.6,Intel Iris Xe,3,FreeDOS,1.69,
368,5.00 GHz,4,8,512,15.6,Intel Iris Xe,3,Windows 11 Home,1.69,
369,4.4,10,8,512,15.6,Integrated: Gráficos Intelu00ae Irisu00ae Xe,4,Windows 11 Home,1.69,
370,"4,4 GHz",10,16,512,15.6,,3,Windows 11 Home,1.69,
371,4.4 GHz,10,8,512,15.6,Intel Iris Xe,3,FreeDOS,1.69,
372,,4,8,256,15.6,,3,FreeDOS,1.69,41
373,2.5 GHz,4,8,512,14,,1,FreeDOS,1.69,
374,,0,0,0,0,,0,,,
375,3.8,4,8,256,15.6,AMD Radeon,3,Windows 11 Home in mode S,1.69,
376,4.3 GHz,8,12 GB,512 GB,15.6,AMD Radeon,5,Windows 11 Home,1.69 kg,
377,4 GHz,6,16 GB,512 GB,15.6 inches,AMD Radeon,3,Windows 11 Home,1.69 kg,
378,,0,,,,,,,,
379,,,,,,,,,,
380,,,,,,,,,,
381,4.7 GHz,10 cores,16,512,15.6,Intel Iris Xe,3,FreeDOS,1.69,
382,,0,,,,,0,,,
383,"4,1 GHz",2,8,512,17.3,,4,Windows 11 Home,2.08,
384,4.5,6,8,256,15.6,Intel Uhd Graphics,3,Windows 11 Pro,2.35,
385,2.5 GHz,8,16,512,15.6,NVidia RTX 3080 Ti,3,,,90
386,5 GHz,10,16,512,15.6,Intel Iris X,4,Windows 11 Pro,1.52,
387,,0,,,,,0,,,
388,2.4 GHz,8,16 GB,512 GB,15.6 inches,Intel UHD Graphics,3,Windows 10 Pro 64 bits,1.74 kg,
389,,8,8,256,15.6,Intel UHD Graphics,4,Windows 10 home 64 bits,1.74,123000
390,2.4 GHz,4,8 GB,256 GB,15.6,Intel UHD Graphics,3,Windows 10 home 64 bits,1.74 kg,
391,4.2 GHz,4,8,256,15.6,Intel Iris Xe,3,Windows 11 Home,1.74,
392,2.4 Ghz,4,8,512,15.6,Intel UHD Graphics,4,Windows 10 Home,1.74,
393,2.5 GHz,8,16,512,15.6,NVidia GeForce GTX 1660 Ti,3,,,
394,2.5 GHz,8,16,512,15.6,NVidia RTX 3070 Ti,3,,,
395,,,,,,,,,,
396,,0,,,,,,,,
397,,,,,,,,,,
398,,0,,,,,,,,
399,2.3 GHz,8,16,512,15.6,NVidia GeForce RTX 3080 Ti,2,,,90
400,,,,,,,,,,
401,1.8 GHz,,16,512,14,,3,Windows 11 Home,1.52,3600
402,,,,,,,,,,
403,,,,,,,,,,
404,,,,,,,,,,
405,,,,,,,,,,
406,,0,,,,,,,,
407,,,,,,,,,,
408,,,,,,,,,,
409,,,,,,,,,,
410,,,,,,,,,,
411,,,,,,,,,,
412,up to 3.8?GHz,8,8,256,14,Integrated Intel UHD Graphics,4,ChromeOS,1.37,
413,up to 4.60GHz,10,16GB,512GB,13.5,Intel Iris Xe,2,Windows 11 Pro,990g,
414,3.5 GHz,4,16,512,15.6,NVidia RTX 4080 Ti,2,,,
415,,0,,,,,,,,
416,2.4 GHz,8,16,512,,,3,Windows 11 Home,1.87,68
417,4.8GHz,12,16,1,16,Intel ARC,5,Windows 11 Home,1.87,
418,5,10,16,1,13.5,Intel Iris Xe,4,Windows 11 Pro 64 bits,990,45000
419,,,,,,,,,,
420,4.8 GHz,16,32,1,14,Intel Arc,7,Windows 11 Pro,1.38,
421,,0,,,,,,,,
422,2.4GHz,8,16,512,15.6,NVidia GeForce GTX 1660 Ti,3,Windows 10 Home,,94
423,,,,,,,,,,
424,"4,8 GHz",16,32,1,14,Intel Arc,6,Windows 11 Pro,1.18,
425,4.3 GHz,12,16,512,13.3,Intel Graphics,5,Windows 11 Pro,1.31,
426,,,,,,,,,,
427,,0,,,,,0,,,
428,2.5 GHz,8,16,512,15.6,NVidia RTX 3070 Ti,3,,,
429,,,,,,,,,,
430,up to 4.60GHz,10 núcleos,16GB,512GB,14 pulgadas,Intel Iris Xe Graphics,4,Windows 11 Pro,1.41 kg,
431,,,,,,,,,,
432,2.9 GHz,6,16,512,14,AMD Radeon Graphics,4,Windows 11 Pro,1.39,
433,,4,,,,,,,,
434,4.40GHz,10,8,512,15.6,Intel Iris Xe Graphics,5,Windows 11 Pro,1.78,
435,2.4GHz,8,16,512,15.6,NVidia GeForce RTX 3070 Ti,3,,,
436,4.40GHz,10,8,512,15.6,Intel Iris Xe Graphics,4,Windows 11 Pro,1.74,
437,,Total cores,,,,,0,,,
438,2.4,8,16,512,15.6,NVidia RTX 4080 Ti,3,Windows 11,,80
439,,0,,,,,,,,
440,2.7 GHz,4,16,512,14,Intel Iris Xe Graphics,3,Windows 11 Pro,1.74,
441,,0,,,,,,,,
442,,0,,,,,,,,
443,1.6 GHz,4,8 GB,256 GB,13.3,Intel UHD Graphics 620,5,Windows 10 Pro,1.33 kg,
444,1.6 GHz,4,16,512,13.3,Intel UHD Graphics 620,5,Microsoft Windows 10 Pro 64bits,1.23,
445,,,,,,,,,,
446,4.4GHz,10,16,512,13.3,Intel Iris Xe,4,Windows 10 Pro 64 bits,1.27,
447,,0,,,,,,,,
448,2.5 GHz,8,16,512,14,,2,,1.36,
449,,0,,,,,0,,,
450,4.5 GHz,14,16,512,14,Intel Arc,6,Windows 11 Pro,1.41,
451,2.8 GHz,4,16,512,15.6,NVidia RTX 4080 Ti,3,,,
452,,,,,,,,,,
453,,,,,,,0,,,
454,,,,,,,,,,
455,,0,0.0,0.0,0.0,,0,,0,0
456,,0,,,,,,,,
457,2.5 GHz,8,16,512,15.6,NVidia RTX 4080 Ti,3,,,
458,,,,,,,,,,
459,,,,,,,,,,
460,,0,,,,,,,,
461,1.6 GHz,4,8,256,15.6,Intel UHD Graphics 620,4,Windows 10 Pro,1.67,
462,1.8 GHz,4,16,512,15.6,Intel UHD Graphics 620,5,Windows 10 Pro 64 bits,1.67,
463,,,,,,,,,,
464,,,,,,,,,,
465,,0,,,,,,,,
466,,,,,,,,,,
467,,,,,,,,,,
468,,,,,,,,,,
469,,,,,,,,,,
470,,,,,,,,,,
471,2.5 GHz,4,16,512,15.6,NVidia GTX 1660 Ti,2,,,52000
472,,,,,,,,,,
473,,,,,,,,,,
474,,4,16,512,15.6,NVidia RTX 4080 Ti,3,,,
475,2.7GHz,8,16,512,15.6,NVidia RTX 3070 Ti,3,Windows 11 Home,,
476,3.0 GHz,8,16,512,15.6,NVidia GeForce RTX 2070,2,,,
477,,,,,,,,,,
478,2.8 GHz,6,16,512,15.6,NVidia RTX 3080 Ti,2,,,
479,2.0 GHz,4,8,256,14,Intel HD Graphics,2,,1.48,
480,3.8 GHz,4,16 GB,512,15.6,NVidia RTX 4080 Ti,2,Windows,,5000
481,,0,,,,,,,,
482,,,,,,,,,,
483,,,,,,,,,,
484,2.7 GHz,8,16,512,15.6,NVidia GeForce GTX 1650,1,,,
485,4.3 GHz,12,16 GB,512 GB,14 inches,Integrated Intel ARC,5,Windows 11 Home,1.39 kg,
486,5.1 GHz,8,16 GB,1 TB,16 inches,Integrated AMD Radeon Graphics,6,Windows 11 Home,1.91 kg,
487,,,,,,,,,,
488,4 GHz,6,8GB,512 GB,15.6,AMD Radeon Graphics,3,Windows 10 Home 64 bits,1.74 kg,
489,,,,,,,,,,
490,Base speed,Total number of cores,16,83,14,NVidia GeForce RTX serie 30,4,FreeDOS (SIN SISTEMA OPERATIVO),2.31,
491,,,,,,,,,,
492,,,,,,,,,,
493,,0,,,,,,,,
494,,6,83,,14.1,Nvidia GeForce RTX 3080 Ti,5,Windows 11 Home 64 Bits,2.3 kg,
495,up to 5.0 GHz,16,64,1000,15.6,NVidia GeForce RTX 4080 Ti,3,,2.35,
496,Base speed,8,16,512,15.6,NVIDIA GeForce RTX 4080 Ti,3,,,
497,base speed,8,16,512,15.6,NVidia GeForce RTX 4080 Ti,4,,2,
498,1.5 GHz,8,16 GB,512 GB,15.6 in,NVidia RTX 4080 Ti,3,,2.39 kg,
499,5.5 GHz,20,32,1,16.1,NVIDIA GeForce RTX 4060,6,Windows 11 Home,2.39,
500,5.5 GHz,20,32,1,16.1,NVidia GeForce RTX 4070,5,FreeDos,2.39,
501,5.5 GHz,20,32 GB,1 TB,16.1,NVidia GeForce RTX 4070,5,Windows 11 Home,2.39 kg,
502,5.5 GHz,20,32,1,16.1,NVIDIA GeForce RTX 4070,5,FreeDos,2.39,
503,2.8 GHz,4,16,512,15.6,Nvidia GeForce GTX 1660 Ti,3,,,
504,base speed,16,64,1000,15.6,NVIDIA GeForce RTX 4080 Ti,3,Windows 11 Home,2.78,
505,,,,,,,,,,
506,2.5,8,16,512,15.6,NVidia GeForce RTX 4080 Ti,3,,,
507,2.5,8,16,512,15.6,NVidia GeForce RTX 4080 Ti,3,,,
508,,8,16,512,,GeForce RTX 4080 Ti,4,Windows,,
509,,,,,,,,Windows,61,3600
510,5,8,16,256,15.6,NVidia GeForce RTX 3060,3,Windows 11 Home,1.63,
511,,8,16,512,15.6,NVidia GeForce RTX 4080 Ti,3,,4,
512,2.16 GHz,8,16,512,15.6,NVidia GeForce RTX 4080 Ti,3,Windows 11 Home,2.16,
513,,,64,256,15.65,NVidia RTX,4,Windows 11 Home 64 Bits,2.17,
514,None,8,64,None,35.65,NVidia GeForce RTX 40 Series,2,FreeDOS 3.0,2.16,None
515,,8,16,256,13.3,Intel Iris Xe Graphics,2,Windows 11 Home,1.34,
516,4.8 GHz,8,32,1,14,Integrated Intel Arcu00AE,3,Windows 11 Home,1.34,
517,up to 3.4 GHz,12,16 GB,1 TB,14 inches,Integrated Qualcomm Adreno,3,Windows 11 Home,1.34 kg,
518,3.4 GHz,12,32,1,14,Integrada Qualcomm Adreno,3,Windows 11 Home,1.34,
519,,,,,,,,,,
520,,8,16,512,14,AMD Radeon,2,Windows 10 Home,1.74,
521,,,,,,,,,,
522,5 GHz,10,16 GB,1 TB,15.6 inches,Intel Iris Xe,4,Windows 11 Home 64 Bits,1.74 kg,
523,up to 4.8 GHz,12,16 GB,1 TB,16,Gráficos Intel,5,Windows 11 Home,1.8 kg,
524,up to 4.8 GHz,12,16,512,16,Integrated Intel ARC,5,Windows 11 Home,1.8,
525,,,,,,,,,,
526,5.0 GHz,14,16,1,14,Intel Iris X,4,Windows 11 Home 64 bits,1.4 kg,
527,4.6 GHz,12,16 GB,512 GB,14 inches,Intel UHD,3,Windows 11 Home 64 bits,1.4 kg,
528,4.5 GHz,8,64,1000,17.3,NVidia RTX 3080 Ti,4,Windows 10,,
529,,,,,,,,,,
530,4.5?GHz,14,16 GB,1TB,14,Integrated Intel ARC,3,,1.44 kg,
531,Base speed instead of boost,16,16,512,15.6,GeForce RTX™ Series 30,5,Windows 11 Home,1.89,
532,4.8GHz,16,32GB,1TB,16,Nvidia GeForce RTX 4080 Ti,,Windows,,
533,4.6,10,8,512,14,Intel Iris Xe,4,Windows 11 Home,1.51,
534,,,,,,,,,,
535,,,,,,,,,,
536,4.7 GHz,4,16 GB,512 GB,13.3,Intel Iris Xe,4,Windows 10 Pro 64 bits,1.28 kg,
537,5 GHz,10,16,512,14,Intel UHD Graphics,4,Windows 11 Pro,1.38 kg,
538,,0,,,,,,,,
539,,,,,,,,,,
540,1.9 GHz,4,8,256,14,Intel Graphics,6,Windows 11 Pro,1.39,
541,,,,,,,,e,,
542,,,,,,,,,,
543,,,,,,,,,,
544,,,,,,,,,,
545,"4,2 GHz",4,16,512,14,Intel Iris Xe,4,Windows 10 Pro,1.38,
546,2.5 GHz,8,16,512,15.6,NVidia RTX 4080 Ti,3,,,
547,,,,,,,,,,
548,e,,,,,,,,,
549,,,,,,,,,,
550,,,,,,,0,,,
551,None,None,None,None,None,None,None,None,None,None
552,5.00GHz,10,16,512,15.6,Intel UHD Graphics,4,Windows 11 Pro,1.79,
553,4.2 GHz,4,16 GB,512 GB,15.6,Intel Iris Xe Graphics,5,Windows 10 Pro,1.74 kg,
554,2.8 GHz,10,32,512,15.6,NVidia RTX 3080 Ti,3,,,
555,,,,,,,,,,
556,,8,16,512,14,,2,Windows 11 Pro,1.79,42
557,,,,,,,,,,
558,3.0 GHz,8,16.0,512.0,15.6,NVidia RTX 4080 Ti,3,,,90000
559,,,,,,,,,,
560,,,,,,,,,,
561,e,,,,,,,,,
562,,,,,,,,,,
563,,,,,,,,,,
564,up to 4.2 GHz,4,8 GB,256 GB,14 inches,Intel Iris Xe,3,Windows 10 Pro 64 bits,1.38 kg,
565,,,,,,,,,,
566,4.2 GHz,4,8,256,15.6,Intel Iris Xe,5,Windows 10 Pro 64 bits,1.74,
567,,,,,,,,,,
568,,,,,,,,,,
569,,,,,,,,,,u003e
570,,,,,,,,,,
571,2.5 GHz,,16,512,15.6,NVidia GeForce GTX 1650 Ti,4,FreeDOS,2.29,
572,up to 5.00 GHz,12,64GB,1TB,15.6,,4,,,
573,base speed of processor,8,16,512,15.6,NVidia GeForce RTX 4080 Ti,3,Windows 11 Home,2.29,
574,Base speed,8,16,512,15.6,NVidia GeForce RTX 4080 Ti,3,,2.29,
575,,12,64,,,NVidia RTX,,,,
576,2.5 GHz,8,16,512,15.6,NVidia RTX 3080 Ti,3,,,5000
577,4.2 GHz,6,8,512,15.6,NVIDIA GeForce GTX 1650,3,FreeDOS (Sin Sistema Operativo),2.29 kg,
578,4.2 GHz,6,8,512,15.6,NVIDIA GeForce GTX 1650,3,,2.29,
579,,,,,,NVidia GeForce RTX,0,Windows,,
580,,,,,15.6,NVidia GeForce RTX 4080 Ti,3,Windows,,
581,up to 12th Gen Intel Core,2,16,512,,NVidia RTX,3,,,
582,,16,64,None,15,NVidia GeForce RTX 3080 Ti,4,,3.2,
583,,12,64,512,15.6,NVidia RTX,2,,3.5,
584,base speed,8,16,512,15.6,Nvidia GeForce RTX 30,4,FreeDOS,2.46,
585,,,,,,,,,,
586,2.8GHz,4,16,512,15.6,NVidia GeForce RTX 3070 Ti,3,,,
587,2.5 GHz,8,16,512,15.6,NVidia GeForce RTX 4080 Ti,3,,,
588,2.29 GHz,8,16,1000,15.6,NVIDIA GeForce RTX 4080 Ti,3,,2.33,52000
589,,16,32,1000,,NVidia GeForce RTX,3,,2.33,
590,,8,16,512,15.6,NVidia GeForce RTX 4080 Ti,2,,,
591,,8,16,512,15.6,NVidia GeForce RTX 4080 Ti,4,FreeDOS,2.3,
592,,0,,,,,,,,
593,Base speed (no boost),8,16,512,15.6,NVidia GeForce RTX,3,,,
594,,8,16,512,15.6,NVidia GeForce RTX 4080 Ti,3,,4.5,
595,,,,,14.0,NVidia GeForce RTX 4080 Ti,2,Windows,,
596,,,,,,,,,,
597,5.1GHz,8,16GB,512GB,14,Integrated AMD Radeon 780M,4,Windows 11 Pro,1.41kg,
598,4.8 GHz,16,16,512,14,NVIDIA RTX A500,6,Windows 11 Pro,1.41,
599,4.8 GHz,16,16GB,512GB,14,Intel Arc,6,Windows 11 Pro,1.41 kg,
600,,,,,,,,,,
601,,,,,,,,,,
602,5.1 Hz,8,16,512,14,AMD Radeon 780M,4,Windows 11 Pro,1.4,
603,,,,,,,,,,
604,,,,,,,,,,
605,,,,,,,,,,
606,,0,,,,,,,,
607,,,,,,,,,,
608,,,,,,,,,,
609,,,,,,,,,,
610,,,,,,,,,,
611,,,,,,,,,,
612,4.00 GHz,24,32,1000,16,Nvidia RTX 4000 Ada Generation,3,Windows 11 Pro,2.4,
613,3.20 GHz,6,16,512,15.6,NVidia RTX 3080 Ti,3,Windows 10 Home,2.32,84
614,5.8 GHz,24,32,1TB,16,NVIDIA RTX 4000 Ada Generation,4,Windows 11 Pro,2.4 kg,
615,5.8 GHz,24,64,1,16,NVIDIA RTX™ 5000 Ada Generation,7,Windows 11 Pro,2.4,
616,,0,,,,,0,,,
617,,,16,512,15.6,AMD Radeon 780M,4,Windows 11 Pro,,83
618,2.8 GHz,8,16,512,14,AMD Radeon 780M,4,Windows 11 Pro,2.04,
619,4.8,12,16,512,16,NVIDIA RTX A500,6,Windows 11 Pro,2.12,
620,up to 4.8 GHz,12,32 GB,1 TB,16 inches,NVIDIA RTX 1000 Ada Generation,3 + 2 (Thunderbolt),Windows 11 Pro,2.12 kg,
621,4.8 GHz,12,32 GB,1 TB,16,NVIDIA RTX 2000 Ada Generation,4,Windows 11 Pro,2.12 kg,
622,Base speed (2.9 GHz),8,16,512,14,NVidia GeForce RTX 4060,2,Windows 11 Pro,2,
623,,0,,,,,,,,
624,,,,,,,,,,
625,,4,,,,NVidia RTX 4080 Ti,,Windows,1.6 kg,
626,,,,,,,,,,
627,5.2 GHz,14 cores,32,1000,16,NVIDIA RTX 2000 Ada Generation,8 ports,Windows 11 Pro 64 Bits,1.73 kg,
628,up to 4.8 GHz,16,32,1000,15.7,NVidia RTX 1000 Ada Generation Laptop GPU,4,Windows 11 Pro 64 bits,1.73,
629,Boost speed: Not specified,8,16,512,15.6,NVidia GeForce RTX 4080 Ti,3,Windows,,
630,5.0 GHz,16,32,1,16,NVidia RTX™ 2000 Ada Generation Laptop GPU,5,Windows 11 Pro 64 bits,1.73,
631,"5,1 GHz",16,32,1000,16,NVidia RTX 3000 Ada Generation,4,Windows 11 Pro 64 bits,1.73,
632,,0,,,,,0,,,
633,2.8 GHz,6,16,512,15.6,NVidia RTX 3080 Ti,3,,,
634,3.20 GHz,8,16,512,15.6,NVidia RTX 4080 Ti,3,Windows 11 Home,,4500
635,2.4 GHz,8,16,512,15.6,NVidia GeForce RTX 3080 Ti,3,Windows 11 Home,2.5,
636,2.8GHz,8,16,512,15.6,NVidia GeForce RTX 3080 Ti,3,Windows 10,,
637,,0,0,0,0,,0,,0,0
638,,,,,,,,,,
639,2.5 GHz,4,16,512,15.6,NVidia RTX 4080 Ti,3,,,
640,,,,,,,,,,
641,,0,,,,,0,,,
642,2.5 GHz,8,16,512,15.6,NVidia GeForce RTX 3080 Ti,2,,,
643,,,,,,,,,,
644,4.60GHz,8,16,1,14,Intel Iris Xe Graphics,3,Windows 11 Home,1250,9360
645,,,,,,,,,,
646,3.2 GHz,8,16,512,15.6,NVidia RTX 4080 Ti,4,Windows 10,,96
647,,,,,,,,,,
648,2.4 GHz,8,16,512,15.6,NVidia GeForce GTX 1660 Ti,3,,,72000
649,2.8 GHz,8,16,512,15.6,NVidia RTX 4080 Ti,3,,,
650,,,,,,,,,,
651,,,,,,,,,,
652,,,,,,,,,,
653,2.5 GHz,4,16,512,15.6,NVidia RTX 4080 Ti,,,,
654,,,,,,,,,,
655,,,,,,,0,,,
656,,0,0,0,,,0,,,
657,2.4 GHz,8,16,512,15.6,NVidia RTX 3070 Ti,3,,,80
658,2.0GHz,6,8,512,14,AMD Radeon™ Graphics,4,Windows 11 Pro,1.4,4540
659,2.4 GHz,8,16,512,15.6,NVidia GeForce RTX 2070 Ti,3,Windows 10,,
660,1.2GHz,14,16,512,15.6,Intel Arc Graphics,4,Windows 11 Home,1290,
661,up to 4.7 GHz,8 cores,16 GB,1 TB SSD,14 inches,,6,Windows 11 Home,1.35 kg,
662,,,,,,,,,,
663,,0,,,,,,,,
664,"1,4 GHz",8,32,1000,16,INTEL ARC GRAPHICS,2,Windows 11 Home,,
665,2.8GHz,2,4GB,32GB,11.6,Intel UHD Graphics 600,4,ChromeOS,1.21kg,
666,1.2 GHz,2,4 GB,32 GB,14,AMD Radeon Graphics,3,ChromeOS,1.45 kg,
667,,,,,,,,,,
668,2.3GHz,2,4GB,128GB,11.6,AMD Radeon Graphics,3,Windows 11 Pro,1.33kg,
669,,,,,,,,u003e,,
670,,,,,,,,,,
671,4.3,8,16,512,15.6,AMD Radeon,3,,1.61,
672,,,,,,,,,,
673,2.8 GHz,8,16,512,15.6,NVidia GeForce GTX 1660 Ti,3,Windows 10 Home,,
674,,,,,,,,,,
675,,,,,,,,,,
676,,,,,,,,,,
677,,8,8,512,15.6,,3,Windows 11 Home,1.65,4500
678,,,,,,,0,,,
679,,0,,,,,0,,,
680,,,,,,,,,,
681,,,,,,,,,,
682,,,,,,,,,,
683,,,,,,,,,,
684,,,,,,,,,,
685,,,,,,,,,,
686,,,,,,,,,,
687,,,,,,,,,,
688,3.5 GHz,8,16,512,15.6,NVidia RTX 3080 Ti,2,Windows 10,,
689,,,,,,,,,,
690,,,,,,,,,,
691,,,,,,,,,,
692,2.7GHz,8,16,512,15.6,NVidia RTX 3070 Ti,3,,,
693,4.2GHz,4,8,512,14,Intel Iris Xe Graphics,3,Windows 10 Home in S mode,1.39kg,
694,,2,8,256,15.6,Intel UHD Graphics 600,3,,1.7,5000
695,,,16,,15.6,NVidia GeForce RTX,3,Windows,,80
696,2.4 GHz,4,16,512,15.6,NVidia RTX 3050,2,,,
697,4.6GHz,8,16,512,15.6,Integrated Intel UHD Graphics,3,,1.62,
698,2.4GHz,10,16GB,1TB,15.6,Integrated Intel UHD Graphics,3,Windows 11 Home,1.62kg,
699,4.6GHz,10,16,512,15.6,Integrated Intel Iris Xe Graphics,4,Windows 11 Home 64 Bits,1.59,
700,,,,512,15.6,NVidia GeForce RTX 4080 Ti,2,,,
701,4.4GHz,8,16,512,15.6,Integrated Intel UHD Graphics,3,Windows 11 Home,1.62,
702,4.6GHz,8C,16GB,1TB,15.6,Integrated Intel UHD Graphics,3,,1.62kg,
703,,Multi-core,16,1,14,NVidia GeForce RTX series 30,3,,,
704,2.0 GHz,4,8,256,14,AMD Radeon Graphics,3,Windows 11 Home,1.7,
705,3.8GHz,8,8,256,15.6,Intel UHD Graphics,4,,1.63,
706,2.5 GHz,8,8,256,14,Intel Iris Xe Graphics,3,FreeDOS,1.59,
707,,,,,,NVidia GeForce RTX 4080 Ti,,,,
708,4.6GHz,8C/12T,16GB,1TB,15.6,Integrated Intel UHD Graphics,3,Windows 11 Home,1.62kg,
709,,8,16,512,15.6,NVIDIA GeForce RTX,3,Windows,,
710,,8,8,256,13.6,,,macOS Sonoma,,
711,,,,512,15.6,NVidia GeForce RTX,2,,,
712,,8,8,256,13.6,,,M3 de Apple,,
713,4.5GHz,8,16,512,15.6,AMD Radeon Graphics,5,Windows 11 Home,1.7 kg,
714,5.2 GHz,16,32,1,16,NVidia GeForce RTX 4070,3,,2.3,
715,,,,,,,,,,
716,5.8 GHz,24,32,1,16,NVIDIA GeForce RTX 4060,2,,2.3,
717,5.1GHz,16,16,1,14,,4,Windows 11 Home,1.3,
718,4.3,8,16,512,15.6,AMD Radeon,5,Windows 11 Home,1.8,
719,,,,256,13,,,macOS Sonoma,,
720,,8,16,512,15.6,NVIDIA GeForce RTX 2050,3,,1.8,
721,2.5,4,8,512,13.3,,3,Windows 11 Home,1.63,3600
722,3600,8,16,512,15.6,NVidia GeForce RTX 4080 Ti,3,,,
723,,8,16,512,15.6,NVidia GeForce RTX,3,,,
724,no info,4,16,512,15.6,NVidia GeForce RTX 4080 Ti,2,Windows,,
725,,8,8,256,13.6,,,macOS Sonoma,,
726,up to 3.4 GHz,16,8,512,15.6,NVIDIA GeForce RTX 4060,3,,1.98,
727,,8,,256,13.6,,,macOS Sonoma,,
728,3.4 GHz,8,16,1,15.6,Intel Iris Xe Graphics,4,,1.7,
729,,,,,,RTX,1,,,
730,3.8 GHz,8,8,512,15.6,Intel UHD Graphics,2,Windows 11 Home in S mode,1.63 kg,
731,5 GHz,10,16,1TB,15.6,Intel Iris Xe,4,,1.59 kg,
732,,8,16,512,15.6,NVidia GeForce RTX 4080 Ti,3,,,
733,up to Intel i7-12650H,12,16,512,15.6,NVidia GeForce RTX 3050,4,,1.98,
734,,8,16,512,15.6,AMD Radeon,5,FreeDOS,1.75,
735,4.6GHz,10,16GB,1TB,15.6,Intel Iris Xe Graphics,4,Windows 11 Home,1.7kg,
736,4.5GHz,14,16,512,14,,4,Windows 11 Home,1.3,
737,up to 2.7 GHz,12,16GB,1000GB,14,Intel Iris Xe Graphics,4,,1.5 kg,
738,3.1 GHz,,16,1000,,NVIDIA GeForce RTX 4080 Ti,3,,,
739,None,None,16,512,15.6,Intel Iris Xe Graphics,4,None,1.7,None
740,5.1 GHz,8,16,1 TB,14,AMD Radeon 780M,5,Windows 11 Home,1.3 kg,
741,Intel Core i5-12450H (base speed),4,16,512,15.6,NVidia GeForce RTX 3050,5,FreeDOS,,
742,,6,16,512,15.6,AMD Radeon,5,FreeDOS,1.75,
743,,,16,512,15.6,,,,,
744,2.0,4,8,256,14,Intel Iris Xe Graphics,4,,1.7,
745,,8,16,512,14.0,GeForce RTX serie 30,3,FreeDOS,2.29,
746,5.2 GHz,16,16 GB,1 TB,16 inches,NVIDIA GeForce RTX 4060,3,,2.3 kg,
747,4.6GHz,8,16GB,512GB,15.6,Intel UHD (integrado),4,Windows 11 Pro,1.65kg,
748,,8,8,256,13,,,macOS Sonoma,,
749,4.5 GHz,8,16,512,15.6,AMD Radeon Graphics,4,,1.7,
750,,,16,512,15.6,NVidia GeForce RTX 4080 Ti,4,,2.39,7680
751,,8,8,256,13.3,AMD SoC,2,FreeDOS,1.59,
752,,24,32,1,16.1,NVidia GeForce RTX 4060,5,FreeDOS,2.39,
753,5.2,16,16,1,16,NVidia GeForce RTX 4070,,,2.3,
754,,8,16,512,15.6,NVIDIA GeForce RTX 3050,3,FreeDOS,2.29,
755,2.0 GHz,2,8,256,15.6,Intel UHD Graphics 600,3,Windows 11,,5000
756,,8,16,512,14,,3,Windows 11 Pro,1.66,
757,4.3 GHz,4,16 GB,1 TB,15.6,AMD Radeon Graphics,3,FreeDOS,1.59 kg,
758,,,16,512,15.6,NVidia GeForce RTX,2,,,4400
759,4.3GHz,8,16,512,15.6,AMD Radeon,5,,1.8,
760,1.8 GHz,4,16,512,14,,3,Windows 11 Pro,1.38,
761,4.5GHz,6,8,512,15.6,Integrated Intel UHD Graphics,3,Windows 11 Home 64 Bits,1.65,
762,,4,8,512,14,,3,Windows 11 Pro,1.66,
763,,4,8,256,14,,3,FreeDOS,1.59,
764,,8,8,256,13.6,,,macOS Sonoma,,
765,4.3,4,16,1000,15.6,AMD Radeon,5,Windows 11 Home 64 Bits,1.59,
766,2.3 GHz,8,16,512,,NVIDIA GeForce RTX 4080 Ti,3,,2.33,
767,,16,64,512,14.2,,4,macOS,1.6,
768,2.9,,8,256,14,,3,Windows 11 Home,1.59,
769,4.5GHz,6C,8GB,512GB,15.6,Intel Iris Xe,3,,1.65kg,
770,5 GHz,10,16 GB,1 TB,15.6,Intel Iris Xe,3,Windows 11 Home,1.59 kg,
771,2.9 GHz,,24 GB,512 GB,15.6 inches,Intel Ultra HD,3,Windows 11 Pro,1.57 kg,5000
772,,,16,512,15.6,NVidia GeForce RTX,4,Windows,2.2,
773,4,8,12,512,14,Intel Iris Xe Graphics,3,,1.7,
774,,8,16,512,15.6,NVidia GeForce RTX,3,,,
775,4.6GHz,8,16,512,15.6,,5,Windows 11 Home,1.65,
776,2.0 GHz,4,8,256,14,Intel Iris Xe Graphics,4,,1.7,
777,Base speed not specified,4,8,256,14,,2,Windows 11 Home,1.59,
778,,8,16,512,15.6,NVidia GeForce RTX,3,,4,90
779,3.5 GHz,,16,512,15.6,AMD Radeon,4,Windows 11 Profesional,1.8,
780,3.70GHz,10,16,512,15.6,Intel Iris Xe,4,Windows 11 Home,1.65,
781,,4,16,512,14,AMD Radeon 890M,3,Windows 11 Home,1.5,
782,4.40GHz,6,8,256,15.6,Intel UHD Graphics,5,Windows 11 Home,1.7,
783,,8,16,,15.6,RTX 4080 Ti,3,,2.2,
784,4.7GHz,,32GB,1TB,15.6,Intel Iris Xe Graphics,3,,1.78kg,
785,2.5 GHz,4,16 GB,1 TB,15.6,Intel Iris Xe,3,None,1.7 Kg,4000
786,,8,8,256,15.3,,2,macOS Sonoma,,
787,2.5 GHz,4,32 GB,1 TB,15.6,Intel Iris Xe,3,None,1.7,4000
788,2.5,4,8,512,14,,3,Windows 11 Pro,1.66,
789,,8,8,256,15.3,Apple GPU,2,macOS,,
790,,8,64,8,16,NVIDIA GeForce RTX 3080 Ti,4,macOS,2.15,
791,,8,64,1000,16,Integrated Graphics (no specific model mentioned),4,macOS,2.15,
792,,,16,512,15.6,NVidia GeForce RTX,3,Windows,,
793,2.4,4,8,512,14,,3,FreeDOS,1.59,
794,,8,16,,15.6,RTX 4080 Ti,3,,4,
795,Base speed,128,32,1,16,NVIDIA GeForce RTX 4070,6,Windows 11 Home 64 bits,1.9,
796,5.1GHz,16,32,1,14,Integrated Intel Arc Graphics,4,Windows 11 Home,1.65,
797,1.1 GHz,2,8 GB,256 GB,14 inches,Intel UHD Graphics 600,3,Sin sistema operativo,1.35 kg,
798,5.2 GHz,8,32,1,17.3,NVIDIA GeForce RTX 4060,4,FreeDOS,2.7,
799,,,,,,NVidia RTX 4080 Ti,2+1 Type-C (no especificado),,,
800,,8,16,256,15.3,,,macOS Sonoma,,
801,,,16,512,13.4,Intel Arc Graphics,3,,1.2,
802,,8,16,512,15.6,NVidia GeForce RTX 4080 Ti,3,,,
803,2 GHz,,16 GB,512 GB,15.6 inches,AMD Radeon Graphics,3,Windows 11 Home,1.65 kg,
804,,8,8,256,13.6,,,macOS Sonoma,,
805,,,8,256,13.6,,,M3,,
806,5 GHz,10 núcleos,16 GB,512 GB,15.6 inches,Intel Iris Xe,3,,1.59 kg,
807,,,,,,NVidia RTX 4080 Ti,,,,
808,4.3 GHz,4,16 GB,512 GB,15.6 inches,AMD Radeon 610M,3,,1.63 kg,
809,,8,16,512,14,Intel Arc 140T,5,Windows 11 Home,1.28,
810,,12,64,512,14,Apple M1 Pro,4,macOS,1.6,
811,3.40GHz,8,16,512,15.6,NVidia GeForce RTX 3050,4,,2.1,
812,,,,1000,,Nvidia GeForce RTX serie 40,4,Windows,1.63,
813,2.4,4,8,512,15.6,,,Windows 11 Home,1.79,
814,2.9 GHz,6,32,1000,15.6,,5,Windows 11 Pro,1.8,
815,,,,256,13.6,,,macOS Sonoma,,
816,4.40GHz,6,8,256,15.6,Intel UHD Graphics,5,,1.7,
817,,,,,15.6,,3,Windows,2.4 kg,
818,,8,8,256,15.3,,,,,
819,up to 4 GHz,4,8,512,15.6,AMD Radeon,3,Windows 11 Home 64 Bits,1.59,
820,,,64,512,16,,,macOS,2.15,
821,4.6GHz,8C,8GB,512GB,14,,4,Windows 11 Home,1.43kg,
822,,8,16,512,15.6,NVidia GeForce RTX 4080 Ti,4,,,76800
823,4.5,8,16,512,16,AMD Radeon RX 7600S,3,Sin SO,2.2,
824,up to 4.6 GHz,8,32,1000,16,Intel Arc,3,Windows 11 Home,1.6,
825,,16,64 GB,1 TB,15.6 inches,GeForce RTX 4080 Ti,4,Windows,,
826,5.1GHz,16,32,1024,14,,4,Windows 11 Home,1.65,
827,1.8~2.2 GHz,4,16,512,14,NVidia GeForce RTX 4080 Ti,5,Windows 11 Home + Office 365,2.1,
828,,4,16,500,15.6,Intel Iris Xe,3,,1.7,4000
829,base speed,8,16,512,15.6,NVidia GeForce RTX 4080 Ti,4,,,
830,,,64,1000,,NVidia RTX 4080,3,,2.39,
831,2.0 GHz,8,16,512,16,Integrated AMD Radeon Graphics,4,,1.6,
832,4.6GHz,8,8,512,15.6,Intel UHD,4,Windows 11 Home,1.65,
833,4.8GHz,16,32,1TB,13.3,Intel Arc Graphics,3,Windows 11 Pro,1.39 kg,
834,,,,,,NVidia GeForce RTX,3,Windows,,
835,,4,16,1,15.6,Intel Iris Xe Graphics,5,Windows 11,1.75,
836,,6,,,14,,2,Windows 11 Home,1.59,
837,5 GHz,10,16,512,15.6,Intel Iris Xe,3,Windows 11 Home 64 Bits,1.74,
838,,,,,,NVidia RTX 4080 Ti,4,Windows,3.5 kg,
839,2.5,8,16,512,14,,3,,1.6,9360
840,4.5GHz,6,16GB,512GB,15.6,Integrated Intel UHD Graphics,4,Windows 11 Home 64 Bits,1.65kg,
841,,4,8,256,15.6,Intel UHD,4,Windows 11 Home 64 Bits,1.87,
842,,8,16,1,15.6,NVidia GeForce RTX,4,,,90
843,,2,8,128,14,Intel UHD Graphics,4,ChromeOS,1.45,
844,Base speed: 2.7 GHz,8,16,,15.6,,3,Windows 11 Pro,1.66,
845,4.7 GHz,10,32 GB,1 TB,15.6 inches,Intel Iris Xe Graphics,3,FreeDOS,1.74 kg,
846,4.3 GHz,12,16 GB,512 GB,16,Integrated Intel,5,Windows 11 Home,1.77 kg,
847,,8,32,1,16.1,GeForce RTX,0,,,
848,2.3GHz,6,8,256,15.6,AMD Radeon™ Graphics,5,Windows® 11 Pro,1.7,
849,,4,16,512,14,,3,Windows 11 Pro,1.81,
850,,8,16,512,13.3,Intel Arc 140T,4,Windows 11 Home,1.65,
851,2.4 GHz,,8,256,14,,3,FreeDOS,1.59,
852,3.70GHz,10,16,1,17.3,Intel Iris Xe Graphics,5,Windows 11 Home,2.1,
853,,,,,15.6,NVidia GeForce RTX 4080 Ti,3,,,
854,,Dual Core,8,256,15.6,Intel UHD Graphics 600,4,Windows 11 Home,1.7,5000
855,,8,16,1024,16,NVIDIA GeForce RTX 4070,6,Windows 11 Home,2.3,
856,1.4GHz,16,32,512,16,Intel Arc Graphics,6,Windows 11 Home,1199,
857,,,,,,RTX 4080 Ti,Multiple,Windows (assumed from NVIDIA Studio),approximately 3.5 kg,
858,4.5GHz,8,16,512,15.6,AMD Radeon Graphics,5,Windows 11 Home (64 bits),1.7,
859,,4,16,1,15.6,Intel Iris Xe Graphics,7,Windows 11,1.75,
860,base speed instead of boost/turbo,8,16,512,14,,3,Windows 11 Pro,1.66,
861,3.4,8,16,512,14,Qualcomm Adreno,3,Windows 11 Home,1.34,
862,,8,16,1000,15.6,Intel UHD Graphics,3,Windows 11 Home,1.62,
863,1.2 GHz,6,16,512,14,Integrated Intel UHD Graphics,4,Windows 11 Home,1.43,
864,2.5,4,8,256,14,Intel UHD Graphics,3,Windows 11 Home,1.7,
865,,8,16,512,14,No GPU mentioned,2,Windows 11 Home,1.42,
866,,8,8,256,15.3,,,M3 chip,,
867,4GHz,,16 GB,1 TB,13 inches,Integrated Qualcomm Adreno™,2,Windows 11 Home,0.895 kg,
868,,8,16,512,15.6,NVidia GeForce RTX 4080 Ti,4,,3.5,90
869,5.0 GHz,16,,,17.3,NVIDIA RTX 4070,,,,
870,,,,,,NVidia RTX,3,Windows (presumably),,
871,4.5GHz,8,16,512,15.6,AMD Radeon Graphics,5,Sin Sistema Operativo,1.7,
872,up to 3.8 GHz,8,8,512,15.6,Integrated Intel UHD Graphics,4,,1.63,
873,3.70GHz,14,16,1TB,15.6,NVIDIA GeForce RTX 4060,5,Windows 11 Home,2.25kg,
874,4.4 GHz,10,8,512,15.6,Intel Iris Xe,3,FreeDOS (SIN SISTEMA OPERATIVO),1.69,
875,4.8 GHz,16,32 GB,1 TB,14,Intel Arc (integrados),4,Windows 11 Pro,1.41 kg,
876,4.7 GHz,8,16,512,,,3,Windows,1.87,
877,,10,32,1,13.5,Intel Iris Xe,4,Windows 11 Pro,990,
878,,8,16,0,15.6,Intel UHD Graphics,3,,1.62,47
879,,,16,512,14,,3,Windows 11 Pro,1.81,57000
880,,,,,,NVidia GeForce RTX 4080 Ti,,Windows 10/11,2.5 kg,
881,4.2GHz,2,8GB,512GB,15.6,Intel UHD,5,Sin Sistema Operativo,1.77kg,
882,,16,64,1000,14.9,NVidia,4,Windows 11 Home,1.95,
883,up to 5GHz,16,64,,17.3,NVidia GeForce RTX 4080 Ti,4,,,
884,4.90GHz,10,16,1,15.6,NVidia GeForce RTX 4060,5,FreeDos,2.2,
885,4.8 GHz,16,32,1,15.6,Intel Iris Xe Graphics,,Sin sistema operativo,1.59,
886,4.5 GHz,8,32 GB,512 GB,15.6,AMD Radeon,3,Windows 11 Home,1.52 kg,
887,4.8 GHz,12,16,1,16,Integrated Intel,5,Windows 11 Home,1.77,
888,2.0 GHz,4,8,256,13.3,,2,Windows 11 Home,1.51,
889,1.2GHz,14,16,512,14,Intel Arc Graphics,4,Windows 11 Home,1120,
890,2.1GHz,12,16,512,14,Integrated Intel UHD Graphics,4,Windows 11 Home,1.43,
891,2.90 GHz,2,16,512,15.6,Intel Ultra HD (integrated),4,Windows 11 Pro,1.57,
892,,8,,,15.6,NVidia GeForce RTX 3070 Ti,3,,3.42,90000
893,,4,8,256,13.9,Intel Iris Xe Graphics,4,Windows 11 Home,1.4,
894,,8,8,256,15.3,,2,M3,,
895,,8,8,256,15.3,,2,M3 de Apple,,
896,,8,8,256,15.3,,2,M3,,
897,,8,64,512,16,,,macOS,2.15,
898,,Total number of cores not specified,8,512,15.6,NVIDIA GeForce RTX,2,,,
899,4.6 GHz,10,16 GB,512 GB,15.6,Intel Iris Xe,3,Windows 11 Home 64 Bits,1.74 kg,
900,"4,3 GHz",12,16,512,14,Intel Graphics,5,Windows 11 Pro,1.39,
901,1.4GHz,16,32,2048,15.63,Intel Arc Graphics,6,Windows 11 Home,1199,
902,5.00GHz,10,16,512,14,,5,Windows 11 Pro,1.4,
903,,,,,,,,Windows,,
904,4.5,6,8,512,14,Integrated Intelu00ae UHD Graphics,4,Windows 11 Home,1.43,
905,2.1 GHz,8,8,512,14,,4,,1.43,
906,,8,16,0,14,,3,Windows 11 Home,1.49,71
907,4.90GHz,10,32,1TB,15.6,NVidia GeForce RTX 4060,4,SIN SISTEMA OPERATIVO,2.25,
908,,,,,,,,,2.5,
909,4.8 GHz,12,16,1,13.3,Integrated Intel Iris Xe Graphics,4,Windows 11 Home,1.1,
910,4.3GHz,,32GB,1000GB,15.6,AMD Radeon Graphics,5,None,1.78kg,
911,2500,4,16,512,,,1,Windows 11 Pro,1.5,
912,,8,,,,NVidia RTX,4,Windows,,
913,,16,64,1000,15.6,NVidia RTX 4080,4,,,
914,4GHz,8,16,512,15.6,Nvidia GeForce RTX 4080 Ti,3,Windows 11 Home,2.35,
915,2.8,4,4,64,12.5,,3,Windows 10 Pro,1.31,
916,4GHz,,16,512,15,Qualcomm Adreno,3,Windows 11 Home,1.34,
917,,,16 GB,512,15.6,NVidia GeForce RTX 4080 Ti,,,,52000
918,2.9,8,16,512,14,,3,Windows 11 Pro,1.56,
919,,8,16,512,,NVidia GeForce RTX 3060,3,Windows 11 Pro,1.62,42000
920,,8,16,512,15.6,NVidia GeForce RTX,4,,,
921,,,,1,,NVidia GeForce RTX,,Windows,,
922,4.6 GHz,10,16,512,14,Intel Iris Xe,3,Windows 11 Home,1.51,
923,4.60GHz,10,16,512,14,Intel UHD Graphics,4,Windows 11 Pro,1.38,
924,1.8 GHz,4,16,512,15.6,,3,Windows 11 Pro,1.38 kg,
925,5.0GHz,10C (2P + 8E) / 12T,16GB,512GB,14,Integrated Intel Iris Xe,5,Windows 11 Pro,1.12 kg,
926,,4,8,64,14,,3,,1.65,
927,4GHz,Not specified,16,512,13,Qualcomm Adreno,2,Windows 11 Home,0.895,53
928,4,,16,512,13,Qualcomm Adreno™,3,Windows 11 Home,0.895,
929,,8,16,512,15.6,NVidia GeForce RTX,3,,,
930,65,4,8,,15.6,,3,Windows 11 Pro,1.23,
931,4.3GHz,12C/DodecaCore,16GB,512GB,16,Intel Graphics,4,Windows 11 Pro 64 bits,1.85Kg,
932,,,,,,NVidia RTX 4080 Ti,3,Windows (Spanish),,
933,5.1,16,32,1,14,,4,Windows 11 Home,1.65,
934,5.1GHz,12C/DodecaCore,32,1000,16,AMD Radeon 890M,4,Windows 11 Home,1.5,
935,,1,16 GB,512 GB,15.6 inches,Intel UHD,8,Windows 11 Home,1.6 kg,
936,5.0,14,64,2048,15.6,NVidia GeForce RTX 3050,4,Windows 11 Pro,2.1,
937,2.4,8,16,512,,,2,Windows 11 Pro,1.81,4540
938,3.5,8,16,512,15.6,NVidia GeForce RTX 4080 Ti,4,Windows 11 Home 64 Bits,2.1,
939,3.8 GHz,8,8,512,15.6,Intel UHD,4,Windows 11 Home,1.59 kg,
940,2.4 GHz,8,16,512,14,,3,FreeDOS,1.59,
941,4.60GHz,10,16,512,15.6,Intel Iris Xe Graphics,3,Windows 11 Pro,1.52,
942,,24,32,1TB,16.1,NVIDIA GeForce RTX 4060,5,FreeDOS,"2,39 kg",
943,5.5 GHz,20,32,1,16.1,NVidia GeForce RTX 4070,5,Windows 11 Home,2.39,
944,,8,16,512,15.6,NVidia GeForce RTX 4080 Ti,2,Windows,3.1,
945,3.4 GHz,12,16 GB,1 TB,14,Qualcomm Adreno,3,Windows 11 Home,1.34 kg,
946,,4,16,512,13.5,GeForce RTX series 30,6,Windows 11 Home,1.299,
947,1.4GHz,16,32,2048,17,Intel Arc Graphics,6,Windows 11 Home,1350,
948,4.9GHz,10C,16GB,1TB,15.6,Integrated Intel UHD Graphics,3,Sin Sistema Operativo,1.62kg,
949,up to 4.0 GHz,8,16,512,14,,3,Windows 11 Pro,1.38,
950,,,,,,,Multiple,None,,
951,4.8 GHz,14,32,1,15.6,NVidia RTX,13,,,
952,Base speed not mentioned,8,16,512,15.6,NVidia RTX 4080 Ti,4,,,
953,,8,16,512,14,Intel Arc 140T,4,Windows 11 Home,1.28,
954,4.7 GHz,10,8,512,15.6,Intel Iris Xe Graphics,3,Windows 11 Home,1.84,
955,2.0 GHz,8,16,1,15.6,AMD Vega 7,4,,1.7,
956,2.5 GHz,4,8,500,15.6,Intel Iris Xe,3,,1.7,4000
957,2.5,4,16,512,15.6,,3,,,
958,up to 1.0 GHz,4,8,512,14.5,,2,Windows 11 Pro,1.1,
959,4.7GHz,8,16,512,13.3,AMD Radeon 680M Graphics,2,Windows 11 Pro,1.19,
960,3.70GHz,10,16,512,15.6,Intel Iris Xe Graphics,5,Windows 11 Pro,1.65,
961,2.0 GHz,8,32,1,15.6,AMD Vega 7,4,Sin sistema operativo,1.7,4000
962,,8,16,512,13.3,Intel Iris Xe Graphics,4,Windows 11 Pro,1.23,
963,,8,24,512,15.6,AMD Radeon 680M,4,WINDOWS 11,1702,4000
964,,2,8,512,11.6,Intel UHD Graphics 600,,Windows 11 Edición Profesional,,
965,,16,16,512,15.6,,5,Windows 11 PRO,1.8,4000
966,3.40GHz,10,16GB,512GB,17.3,Intel Iris Xe Graphics,5,,2.1kg,
967,4.75,8,32,1,15.6,AMD Radeon 680M,2,Windows 11 Home 64 Bits,1.4,
968,,8,8,256,15.3,,,M3 de Apple,,
969,,4,16,512,16,Intel Iris Plus Graphics,5,Windows 11 Pro,1.6,
970,,,,,,NVidia GeForce RTX 4080 Ti,,,,
971,2.5 GHz,8,16,512,,,3,Windows 11 Home,1.4,
972,Base speed,8,16,512,14,None (Integrated),3,Windows 11 Home,2.08,
973,4.4GHz,6,8,512,15.6,Intel UHD Graphics,3,Windows 11 Home 64 bits,1.74,
974,4.4 GHz,6,8,256,15.6,Intel UHD Graphics,3,,1.74 kg,
975,1.6 GHz,4,16 GB,256 GB,13.3,Intel UHD Graphics 620,5,Windows 10 Pro 64 bits,1.33 kg,
976,4.8,16,32,512,14,Integrated Intel ARC,5,Windows 11 Home,1.44,
977,,,,,15.6,NVidia GeForce RTX 4080 Ti,4,Windows,,72000
978,5.0 GHz,14,16 GB,512 GB,16.1,NVidia GeForce RTX 4050,5,FreeDOS (Sin Sistema Operativo),2.33 kg,
979,3.70GHz,10,8,512,15.6,Intel Iris Xe Graphics,4,Windowsu00A0Home,1.65,
980,4.1GHz,4,8,256,15.6,Integrada AMD Radeon™ 610M Graphics,3,Windows 11 Pro,1.65,
981,5.00GHz,10,16,512,17.3,Intel Iris Xe Graphics,4,Windows 11 Home,2.02,
982,4.90GHz,10,32,1,15.6,NVIDIA GeForce RTX 4070,5,,2.25 kg,
983,,8,16,512,15.6,NVidia RTX 4080 Ti,3,,4.3,
984,4GHz,no specified number of cores,16 GB,512 GB,13.8,Qualcomm Adreno,4,Windows 11 Home,0.895 kg,
985,,8,16,512,15.6,NVidia GeForce RTX,3,,2.2,
986,2.5 GHz,4,16 GB,512 GB,13.7 inches,Intel Arc Graphics 130V,1,Windows 11 Pro,1.46 kg,
987,,2,8,256,11.6,Intel UHD Graphics 600,4,Windows 11 Edición Profesional,,
988,,4,64,512,14,Intel UHD Graphics,4,Windows 11 Pro,1.34,63 Wh ( equivalent to approximately 4480 mAh )
989,2.4,,16,512,14,,6,Windows 11 Pro,1.34,63
990,,8,8,512,14,Intel Iris Xe Graphics,4,Windows 11 Home,1.7,
991,4.6,10,16,512,17.3,Intel Iris Xe Graphics,4,Windows 11 Home,2.1,
992,2.5,4,8,256,13.3,,3,Windows 11 Home,1,
993,4.4,10,8,512,15.6,Intel Iris Xe Graphics,3,Windows 11 Home,1.84,
994,,,8,500,15.6,AMD Vega 7,4,Windows 11,1.7,4000
995,10,8,16,256,13.3,,2,macOS,1.24,
996,1.6,4,16,512,,Intel Iris Xe,2,Windows 10 Home,1.48,6400
997,4.90GHz,10,16,1TB,15.6,NVidia GeForce RTX 4050,7,FreeDOS,2.08,
998,4.6 GHz,10,16,1,14,Intel Iris Xe,4,Windows 11 Home,1.51,
999,4.8 GHz,12,16 GB,512 GB,14,Intel Graphics,5,Windows 11 Pro,1.39 kg,
1000,,4,16,512,14,Integrated,2,Windows 11 Pro,1.38,42000
1001,Base speed of 2.4 GHz,8,16,512,14,,3,Windows 11 Pro,1.38,
1002,3.0GHz,8,16,256,13.3,Qualcomm Adreno 690,2,Windows 11 Pro (on ARM),1.06,
1003,2 GHz,8,8,512,15.6,AMD Radeon Graphics,3,Windows 11 Home,1.65,
1004,4.10 GHz,2,8,256,15.6,Intel UHD,3,,1770,5921
1005,,8,16,512,14,,3,Windows 11 Pro,1.69,
1006,,4,8,256,14,Intel Iris Xe Graphics,4,,1.7,
1007,2.9,4,8,256,14,,4,Windows 11 Home,1.7,
1008,3.70GHz,10,16,512,17.3,Intel Iris Xe Graphics,4,Windows 11 Home,2.1,
1009,4.7 GHz,10,16 GB,512 GB,14 inches,Intel Iris Xe Graphics,4,Windows 10 Pro,1.6 kg,
1010,2.6 GHz,4,8 GB,256 GB,15.6,Intel Iris Xe,3,Windows 11,1.7,4000
1011,2.5 GHz,4,16,256,15.4,Intel Iris Plus Graphics,4,macOS Sierra,1.83,
1012,2.5,4,8,512,14,Intel UHD Graphics,4,Windows 11 Home,1.7,
1013,2.8GHz,4,8,256,15.6,Intel Iris Plus 655,3,Windows 10 Home,,3200
1014,4.60GHz,10,8,512,15.6,Intel Iris Xe,3,,1.59,
1015,,6,8,512,15.6,AMD Radeon,3,Windows 11 Home,1.69,
1016,,4,8,512,14,Intel Iris Xe Graphics,3,Windows 11 Home,2.08,
1017,5.1 GHz,8,16,1000,16,Intel ARC,4,Windows 11 Home,1.8,
1018,"4,6 GHz",10,16,512,15.6,Intel UHD (integrado),5,Windows 11 Pro,1.79,
1019,1.1 GHz,2,4 GB,128 GB,11.6 inches,Intel UHD Graphics 600,3,Windows 10 Pro (National Academic License),1.21 kg,
1020,4.6GHz,8,16,1,16,Intel UHD Graphics,3,Windows 11 Home,,
1021,4.60GHz,10,8,256,14,Intel Iris Xe,4,Windows 11 Pro 64 bits,1.43,
1022,4.2 GHz,4,16 GB,512 GB,14,Intel Iris Xe Graphics,3,Windows 10 Pro 64 bits,1.64 kg,
1023,1.8/4.6 GHz,4,16,512,14,Integrated Intel UHD Graphics 620,5,Windows 10 Pro 64 bits,1.35,
1024,3.4,,16,256,13,Integrated Qualcomm Adreno,2,Windows 11 Home,0.895,
1025,3.70GHz,10,32,1TB,15.6,Intel Iris Xe,5,Ubuntu/Windows 11 Pro,1.65kg,
1026,1.3 GHz,4,32,1000,15.6,Intel Iris Xe,5,Windows 11 Pro,1.67,4000
1027,2.0 GHz,4,16 GB,512 GB,14 inches,,3,Windows 11 Pro,1.69 kg,
1028,2.6 GHz,,16,512,15.6,GeForce RTX 30,2,,2.3,48
1029,,4,8,512,14,,3,,1.7,
1030,2.80 GHz,4,8 GB,512 GB,15.6,AMD Radeon Graphics,3,Windows 11 Home 64 bits,1.77 kg,
1031,2.8 GHz,4,16 GB,256 GB,15.4 inches,Not specified,1 (via Thunderbolt 3),macOS Sierra,1.83 kg,
1032,,8,16,512,15.6,NVidia GeForce RTX 4080 Ti,,,,
1033,4.6 Ghz,10,8,256,15.6,Intel Iris Xe Graphics,3,Windows 11 Pro,1.63,
1034,5,10,8,512,15.6,,4,Windows 11 Home,1.59,
1035,2.0 GHz,4,8,256,14,,3,FreeDOS,1.69,
1036,4.5GHz,6,8,256,15.6,Intel UHD,3,Windows 11 Pro,1.52,
1037,2.0,4,8,256,,Intel,1,,1.33,
1038,4 GHz,6,16,512,15.6,AMD Radeon,4,Windows 11 Home,1.75,
1039,4.4 GHz,12,16,512,15.6,NVIDIA GeForce RTX 2050,3,FreeDOS,2.29,
1040,,,16,512,15.6,Intel,4,,1.32,
1041,1.60 GHz,4,8,256,13.3,Intel UHD Graphics,6,Windows 10 Pro 64 bits,1.25,
1042,4.2 GHz,4,8,512,15.6,Intel Iris Xe,3,Windows 11 Home 64 bits,1.7,
1043,4.1GHz,4,8,256,15.6,AMD Radeon™ 610M Graphics,3,Windows 11 Home,1.65,
1044,1.8 GHz,4,8,256,13.5,Intel Iris Plus Graphics,2,Windows 10 Home 64 bits,1.2,
1045,4.2 GHz,4,8,128,12.3,Intel Iris Xe Graphics,2,Windows 10 Pro 64 bits,770,
1046,2.7 GHz,8,16,1,15.6,AMD Vega 7,4,,,
1047,2.0 GHz,8,32,1000,15.6,AMD Vega 7,3,Windows 11,1.7,4000
1048,4.5GHz,8,16,512,15.6,AMD Radeon Graphics,5,Windows 11 Home 64 Bits,1.7,
1049,up to 3.8GHz,8,8,512,15.6,Intel UHD Graphics,3,Windows 11 Home in S mode,1.63,
1050,800,4,8,256,15.6,Intel UHD Graphics,3,,1.8,
1051,2.9 GHz,2,8 GB,256 GB,13.3 inches,Intel HD Graphics 6000,2,macOS Sierra,1.35 kg,
1052,"1,7 GHz",4,8,512,14,Intel UHD Graphics,5,Windows 10 Pro 64 bits,1.47,
1053,4.2,4,8,256,14,Intel Iris Xe Graphics,4,Windows 10 Pro 64 bits,1.4,
1054,2.8GHz,2,8,256,15.6,Intel UHD Graphics 600,4,,1.85,
1055,4.2 GHz,4,8,512,15.6,Intel Iris Xe Graphics,5,,1.783,
1056,,4,8,256,13.5,Intel Iris Plus Graphics,2,Windows 10 Pro 64 bits,1.2,
1057,3.4,4,16,512,15.6,,2,Windows 11,1.67,5800
1058,1.92,4,4,64,10.1,,,Windows 10 Home 64 bits,,6000
1059,,4,8,128,14,Intel UHD Graphics,2,ChromeOS,1.47,
1060,,2,4,32,11.6,,4,ChromeOS,1.31,
1061,3.4GHz,,4,32,11.6,Intel UHD Graphics,5,ChromeOS,1.3,
1062,3.4GHz,,8GB,64GB,11.6,Intel UHD Graphics,4,ChromeOS,1.3kg,
1063,,2,4,64,11.6,Intel UHD Graphics,4,ChromeOS,1.39,
1064,2.06 GHz,2,4,64,11.6,,3,ChromeOS,1.42,4800
1065,3.4GHz,,4GB,32GB,11.6,Intel UHD Graphics,4,ChromeOS,1.3kg,
1066,2.0 GHz,8,4,32,11.6,,5,ChromeOS,1.41,
1067,,2,4,32,11.6,,3,ChromeOS,1.42,
1068,4.4GHz,6,8,256,14,Intel UHD Graphics,4,Windows 11 Pro,1.49,
1069,4.70GHz,10,16,512,15.6,Intel Iris Xe Graphics,5,FreeDOS (Sin Sistema Operativo),1.69,
1070,Base speed: 2.0 GHz (no boost/turbo speeds found),4,8,512,13.3,,2,Windows 11 Pro,1.52,
1071,2.4 GHz,8,16,512,13.3,,2,Windows 11 Pro,1.52,
1072,4.40GHz,10,16,512,14,Intel Iris Xe Graphics,5,Windows 11 Pro 64 bits,1.61,
1073,,4,16,512,13.3,,2,Windows 11 Pro,1.46,
1074,4.8,12,16,512,13.27,,6,Windows 11 Pro,1.34,
1075,2.6 GHz,4,8,512,14,,3,Windows 11 Home,1.69,42
1076,4.7GHz,4,16GB,512GB,14,Integrated: Intel UHD Graphics,5,,1.55kg,
1077,,4,64,,14,NVidia GeForce RTX 4060,3,Windows 11 Pro,1.38,
1078,2.4 GHz,8,16,512,15.6,NVIDIA RTX 3000,4,Windows 11 Pro,2.4,
1079,,8,16,1000,15.6,NVidia GeForce RTX 4080 Ti,3,Windows,,
1080,,8,16,1000,15.6,NVidia GeForce RTX 4080 Ti,3,,,
1081,3500,16,64,1024,15.6,Nvidia GeForce RTX 4070,5,,2.5,
1082,,,,,15.6,,,,,
1083,,,64,512,13.94,NVidia GeForce RTX 4080 Ti,5,,2.5,
1084,2.8,4,16,512,14,NVidia GeForce RTX™ serie 40,5,,2.8,
1085,,8,16,256,15.6,NVIDIA GeForce RTX 3070 Ti,5,,2.7,
1086,up to 4.8 GHz,16,64,1024,15.6,Nvidia GeForce RTX 3080 Ti,3,Windows 11 Home,3.48,
1087,5.2GHz,8,32,,12.28,NVidia GeForce RTX 4080 Ti,4,Windows 11 Home 64 Bits,1.72,
1088,5.2GHz,8,32,,12.28,NVidia GeForce RTX 40,4,,1.72,
1089,1.8,6,16,256,13.3,NVidia GeForce RTX 3050,4,,1.6,
1090,5.1,12,32,2048,16,Nvidia GeForce RTX 4070,5,Windows 11 Home,1.85,
1091,,16,64,1024,14,NVidia RTX,5,Windows 11 Home,1.95,
1092,,16,8,512,15.6,NVIDIA GeForce RTX 3070,5,,2.7,90000
1093,Base speed instead of boost,8,16,512,15.6,NVidia GeForce RTX 3070,3,SIN SISTEMA OPERATIVO,2.7,
1094,,,64,512,15.6,NVidia RTX,3,,,
1095,,12,16,512,15.6,NVidia RTX,2,,,
1096,12,,,,,Nvidia RTX,3,,,
1097,2.20 GHz,8,16,,15.6,NVIDIA GeForce RTX 4080 Ti,3,,2.2,52000
1098,3500,8,16,512,15.6,NVidia GeForce RTX 4060 Ti,3,,2.2,
1099,,4,16,256,15.6,NVidia GeForce,4,,2.3,
1100,2.20 GHz,6,8,512,15.6,NVIDIA GeForce RTX 3060 Ti,4,FreeDOS,2.20 kg,90Wh
1101,4.5 GHz,8,16,512,16,AMD Radeon RX 7600S,3,,2.2,
1102,4.5GHz,8,16,512,15.6,NVIDIA GeForce GTX 1650,5,,2.3,48W/h
1103,2.5GHz,4,16,512,15.6,NVIDIA GeForce GTX 1650,5,,2.3,48
1104,,8,64,256,359.7,Intel Iris Xe Graphics,4,,1.7,
1105,4.7GHz,4,16,512,15.6,Integrated: Intel Iris Xe Graphics,5,,1.85,
1106,4.1 GHz,2,8 GB,256 GB,15.6 inches,Integrated Intel UHD,4,Windows 11 Home S,1.8 kg,
1107,4.2GHz,4,8,512,15.6,Integrated Intel Iris Xe,5,Windows 11 Home,1.8kg,
1108,4.4GHz,6,8,256,14,Integrated: Intel UHD Graphics,4,,1.50,
1109,2.5,8,16,512,15.6,,4,,1.7,42
1110,,6,8,512,15.6,Intel Iris Xe Graphics,5,Windows 11 Pro 64 Bits,1.7,
1111,,12,,0,,NVidia RTX,2,,,
1112,2100,4,16,512,14,Intel Iris Xe Graphics,3,,1.8,
1113,4.1GHz,2,8,256,15.6,Integrated Intel Iris Xe,4,Windows 11 Home S,1.8,
1114,,4,8,512,14.0,Intel Iris Xe Graphics,3,Windows 11 Home,1.7,
1115,1.1,2,8,512,15.6,Intel UHD Graphics,3,Windows 11 Home in S mode,1.57,
1116,"base speed not found, using boost/turbo",8,16,512,15.6,NVidia GeForce RTX 3080,3,Windows 11 Pro,1.8,
1117,2.9,8,16,512,15.6,,4,Windows 11 Home,1.3,
1118,4.7GHz,4,16,512,13.3,Integrated Intel Iris Xe,4,Windows 11 Home 64 bits,1.14,
1119,up to 5 GHz,12,16,,13.6,,4,Windows 11 Home,1.39,
1120,2.5,8,16,512,15.6,AMD Radeon 680M,3,Windows 11 Home,1.4,
1121,Base speed not specified,,64,0,14.98,NVIDIA GeForce RTX 4070,5,Windows 11 Home 64 bits,2.4,
1122,,8,16,1000,15.6,NVidia GeForce RTX 3080 Ti,3,Windows 11,,90
1123,2.8,4,16,512,13.3,Intel Iris Xe Graphics,4,,1.11,
1124,4.5,8,16,512,13.3,Intel Iris Xe,2,Windows,1.39,
1125,,8,16,512,13.5,Intel Arc Graphics,3,Windows 11 Home,1.65,
1126,4.3,8,16,1000,15.6,AMD Radeon Graphics,4,Windows 11 Home,1.78,
1127,4.3 GHz,8,8 GB,512 GB,15.6 inches,AMD Radeon Graphics,4,Windows 11 Home,1.78 kg,
1128,2.8 GHz,4,16 GB,1 TB,15.6 inches,AMD Radeon 610M,3,Windows 11 Home,1.78 kg,
1129,2.80 GHz,6,16 GB,1 TB,15.6,AMD Radeon Graphics,3,Windows 11 Home,1.74 kg,
1130,2.80 GHz,4,16,512,15.6,AMD Radeon,3,Windows 11 Home,1.74,
1131,4,6,8,512,15.6,AMD Radeon Graphics,4,Windows 11 Home,,
1132,2.1 GHz,6,16 GB,512 GB,15.6 inches,AMD Radeon Graphics,4,Windows 11 Home,1.78 kg,
1133,3.8 GHz,8,8,256,15.6,Intel UHD Graphics,3,Windows 11 Home,1.7,
1134,2.8 GHz,8,16 GB,512 GB,15.6,,4,,1.7 kg,
1135,Intel Core Ultra 5 processor 125U,,16,512,16,Integrated Intel,4,Windows 11 Home,1.8,
1136,4.4 GHz,6,8 GB,128 GB,14 inches,,3,ChromeOS for Enterprise (empresas),1.4 kg,
1137,,8,16,512,14,NVIDIA RTX,5,Windows 11 Home 64 bit,1.41,
1138,3.8 GHz,8,8,256,15.6,,2,Windows 11 S,1.8,
1139,3.8 GHz,8,8,512,15.6,Intel UHD Graphics,4,Windows 11 Pro,1.7,
1140,1 GHz,4,8,256,15.6,NVIDIA GeForce MX330,3,Windows 10 Home,1.9,
1141,4.2GHz,4,8,256,15.6,Integrated Intel Iris Xe,4,Windows 11 Home 64 bits,1.9,
1142,4.4 GHz,10,8 GB,512 GB,15.6 inches,Intel Iris Xe Graphics,3,Windows 11 Pro,1.84 kg,
1143,1.70 GHz,10,8,512,15.6,Intel Iris Xe Graphics,4,Sin Sistema Operativo,1.78,
1144,4.7 GHz,10,16,512,15.6,Intel Iris Xe Graphics,3,Windows 11 Home,1.84,
1145,5.4,10,16,512,15.6,Intel Graphics,4,Windows 11 Pro,1.78,4850
1146,,8,16,512,15.6,NVidia GeForce RTX 4080 Ti,4,,2.5,90
1147,,8,16,512,15.6,GeForce RTX 4080 Ti,3,,,
1148,2.9,4,16,512,15.6,NVidia GeForce RTX 4080 Ti,3,,4,
1149,1.5 GHz,4,16,512,14,Intel Arc,3,Windows 11 Home,1.32,
1150,1.55 GHz,4,16 GB,512 GB,14 inches,Integrated Intel Arc,5,Windows 11 Home,1.32 kg,
1151,2.4Ghz,4,8,512,15.6,Integrated Intel Iris Xe,5,Windows 10 Pro 64 Bits,1.8,
1152,5 GHz,10,16,512,14,Intel Graphics,2,Windows 11 Pro,1.46,
