producto_id,timestamp,nombre,url,precio,precio_tachado,rating,opiniones,categoria
1,2025-02-18 12:31:30,PcCom Ready AMD Ryzen 7 5800X / 32GB / 1TB SSD / RTX 4060 Ti + Windows 11 Home,https://www.pccomponentes.com/pccom-ready-amd-ryzen-7-5800x-32gb-1tb-ssd-rtx-4060-ti-windows-11-home,1.339€,"1.760,25€","4,7/5",902 opiniones,PC sobremesa
2,2025-02-18 12:31:30,PcCom Ready AMD Ryzen 7 5800X / 32GB / 1TB SSD / RTX 4060 Ti,https://www.pccomponentes.com/pccom-ready-amd-ryzen-7-5800x-32gb-1tb-ssd-rtx-4060-ti,1.229€,"1.449,42€","4,7/5",902 opiniones,PC sobremesa
3,2025-02-18 12:31:30,PcCom Work Intel Core i5-12400 / 32GB / 1TB SSD,https://www.pccomponentes.com/ordenador-sobremesa-pccom-work-intel-core-i5-12400-32gb-1tb-ssd,509€,"593,05€","4,5/5",608 opiniones,PC sobremesa
4,2025-02-18 12:31:30,PcCom Ready AMD Ryzen 7 5800X / 32GB / 2TB SSD / RTX 4060 Ti + Windows 11 Home,https://www.pccomponentes.com/ordenador-sobremesa-pccom-ready-amd-ryzen-7-5800x-32gb-2tb-ssd-rtx-4060-ti-windows-11-home,1.429€,"1.662,47€","4,7/5",902 opiniones,PC sobremesa
5,2025-02-18 12:31:30,PcCom Ultimate Ryzen 7 9800X3D / 64GB / 2TB M.2 / RTX 5080 + Windows 11 Pro,https://www.pccomponentes.com/ordenador-sobremesa-pccom-ultimate-ryzen-7-9800x3d-64gb-2tb-m2-rtx-5080-windows-11-pro,3.799€,"4.270,09€","3,6/5",7 opiniones,PC sobremesa
6,2025-02-18 12:31:30,PcCom Work Intel Core i5-12400 / 32GB / 1TB SSD + Windows 11 Pro,https://www.pccomponentes.com/ordenador-sobremesa-pccom-work-intel-core-i5-12400-32gb-1tb-ssd-windows-11-pro,649€,"743,05€","4,5/5",608 opiniones,PC sobremesa
7,2025-02-18 12:31:30,PcCom Ready AMD Ryzen 7 5800X / 32GB / 1TB SSD / RTX 4060 Ti + Windows 11 Home - Blanco,https://www.pccomponentes.com/pccom-ready-amd-ryzen-7-5800x-32gb-1tb-ssd-rtx-4060-ti-windows-11-home-blanco,1.329€,"1.549,42€","4,7/5",217 opiniones,PC sobremesa
8,2025-02-18 12:31:30,PcCom Ready AMD Ryzen 7 5800X / 32GB / 1TB SSD / RTX 4060 Ti - Blanco,https://www.pccomponentes.com/pccom-ready-amd-ryzen-7-5800x-32gb-1tb-ssd-rtx-4060-ti-blanco,1.209€,"1.432,33€","4,7/5",217 opiniones,PC sobremesa
9,2025-02-18 12:31:30,PcCom Ready AMD Ryzen 7 5800X / 32GB / 2TB SSD / RTX 4060 Ti,https://www.pccomponentes.com/ordenador-sobremesa-pccom-ready-amd-ryzen-7-5800x-32gb-2tb-ssd-rtx-4060-ti,1.299€,"1.522,47€","4,7/5",902 opiniones,PC sobremesa
10,2025-02-18 12:31:30,PcCom Imperial AMD Ryzen 7 7800X3D / 32GB / 2TB SSD / RTX 4070 Ti SUPER + Windows 11 Home - Negro,https://www.pccomponentes.com/ordenador-sobremesa-pccom-imperial-amd-ryzen-7-7800x3d-32gb-2tb-ssd-rtx-4070-ti-super-windows-11-home-negro,2.399€,"2.867,52€","4,6/5",410 opiniones,PC sobremesa
11,2025-02-18 12:31:30,PcCom Work Intel Core i5-12400 / 32GB / 1TB SSD + Windows 11 Home,https://www.pccomponentes.com/ordenador-sobremesa-pccom-work-intel-core-i5-12400-32gb-1tb-ssd-windows-11-home,629€,"693,05€","4,5/5",608 opiniones,PC sobremesa
12,2025-02-18 12:31:30,PcCom Ready AMD Ryzen 7 5800X / 32GB / 2TB SSD / RTX 4060 + Windows 11 Home - Blanco,https://www.pccomponentes.com/ordenador-sobremesa-pccom-ready-amd-ryzen-7-5800x-32gb-2tb-ssd-rtx-4060-windows-11-home-blanco,1.209€,"1.452,47€","4,6/5",207 opiniones,PC sobremesa
13,2025-02-18 12:31:30,PcCom Work Intel Core i5-12400 / 16GB / 500GB SSD,https://www.pccomponentes.com/pccom-work-intel-core-i5-12400-16gb-500gb-ssd,"448,99€","523,77€","4,5/5",614 opiniones,PC sobremesa
14,2025-02-18 12:31:30,PcCom Imperial AMD Ryzen 7 7800X3D / 32GB / 2TB SSD / RTX 4070 Ti SUPER - Negro,https://www.pccomponentes.com/ordenador-sobremesa-pccom-imperial-amd-ryzen-7-7800x3d-32gb-2tb-ssd-rtx-4070-ti-super-negro,2.249€,"2.579,43€","4,6/5",86 opiniones,PC sobremesa
15,2025-02-18 12:31:30,PcCom Work Intel Core i7-12700 / 32GB / 1TB SSD + Windows 11 Pro,https://www.pccomponentes.com/ordenador-sobremesa-pccom-work-intel-core-i7-12700-32gb-1tb-ssd-windows-11-pro,829€,"893,77€","4,5/5",608 opiniones,PC sobremesa
16,2025-02-18 12:31:30,PcCom Ready AMD Ryzen 7 5800X/32GB/2TB SSD/RTX 4060 - Blanco,https://www.pccomponentes.com/ordenador-sobremesa-pccom-ready-amd-ryzen-7-5800x-32gb-2tb-ssd-rtx-4060-blanco,1.059€,"1.302,47€","4,6/5",207 opiniones,PC sobremesa
17,2025-02-18 12:31:30,PcCom Imperial AMD Ryzen 5 7600X / 32GB / 1TB SSD / RX 7800 XT + Windows 11 Home,https://www.pccomponentes.com/ordenador-sobremesa-pccom-imperial-amd-ryzen-5-7600x-32gb-1tb-ssd-rx-7800-xt-windows-11-home,1.599€,"1.906,04€","4,6/5",324 opiniones,PC sobremesa
18,2025-02-18 12:31:30,PcCom Work Intel Core i7-12700 / 32GB / 2TB SSD + Windows 11 Pro,https://www.pccomponentes.com/ordenador-sobremesa-pccom-work-intel-core-i7-12700-32gb-2tb-ssd-windows-11-pro,899€,"993,05€","4,5/5",608 opiniones,PC sobremesa
19,2025-02-18 12:31:30,PcCom Studio Intel Core i7-14700KF / 32GB / 2TB SSD / RTX 4070 Super + Windows 11 Pro,https://www.pccomponentes.com/pccom-studio-intel-core-i7-14700kf-32gb-2tb-ssd-rtx-4070-super-windows-11-pro,2.299€,"2.608,13€","4,5/5",21 opiniones,PC sobremesa
20,2025-02-18 12:31:30,Lenovo IdeaCentre Gaming 5 17ACN7 AMD Ryzen 7 5700G/16GB/1TB + 512GB SSD/RTX 3050,https://www.pccomponentes.com/lenovo-ideacentre-gaming-5-17acn7-amd-ryzen-7-5700g-16gb-1tb-512gb-ssd-rtx-3050,669€,789€,"4,7/5",11 opiniones,PC sobremesa
21,2025-02-18 12:31:30,PcCom Lite AMD Ryzen 5 5500 / 16GB / 1TB SSD / RTX 4060,https://www.pccomponentes.com/ordenador-sobremesa-pccom-lite-amd-ryzen-5-5500-16gb-1tb-ssd-rtx-4060,799€,"856,10€","4,6/5",449 opiniones,PC sobremesa
22,2025-02-18 12:31:30,PcCom Lite AMD Ryzen 5 5500 / 16GB / SSD 1TB / RX 6600 + Windows 11 Home,https://www.pccomponentes.com/pccom-lite-amd-ryzen-5-5500-16gb-ssd-1tb-rx-6600-windows-11-home,"868,71€",,"4,6/5",646 opiniones,PC sobremesa
23,2025-02-18 12:31:30,PcCom Imperial Intel Core i5-14600KF / 2TB SSD / 32GB / RTX 4070 Super,https://www.pccomponentes.com/ordenador-sobremesa-pccom-imperial-intel-core-i5-14600kf-2tb-ssd-32gb-rtx-4070-super,1.649€,"1.842,29€","4,7/5",62 opiniones,PC sobremesa
24,2025-02-18 12:31:30,PcCom Lite AMD Ryzen 5 5500 / 16GB / 1TB SSD / RTX 4060 + Windows 11 Home,https://www.pccomponentes.com/ordenador-sobremesa-pccom-lite-amd-ryzen-5-5500-16gb-1tb-ssd-rtx-4060-windows-11-home,899€,"986,10€","4,6/5",449 opiniones,PC sobremesa
25,2025-02-18 12:31:30,PcCom Work Intel Core i3-12100/16GB/500GB SSD + Windows 11 Home,https://www.pccomponentes.com/pccom-work-intel-core-i3-12100-16gb-500gb-ssd-windows-11-home,499€,"604,02€","4,5/5",683 opiniones,PC sobremesa
26,2025-02-18 12:31:30,ASUS ROG Strix G13CHR-71470F0530 Intel Core i7-14700F/32GB/1TB SSD/RTX 4060 Ti,https://www.pccomponentes.com/ordenador-sobremesa-asus-rog-strix-g13chr-71470f0530-intel-core-i7-14700f-32gb-1tb-ssd-rtx-4060-ti,"1.729,01€",,"4,9/5",5 opiniones,PC sobremesa
27,2025-02-18 12:31:30,MSI MAG Infinite S3 14NUE5-1625ES Intel Core i5-14400F/16GB/1TB SSD/RTX 4070 SUPER,https://www.pccomponentes.com/msi-mag-infinite-s3-14nue5-1625es-intel-core-i5-14400f-16gb-1tb-ssd-rtx-4070-super,"1.549,01€",,"4,9/5",24 opiniones,PC sobremesa
28,2025-02-18 12:31:30,PcCom Ready AMD Ryzen 5 7600X / 32GB / 1TB SSD / RTX 4060,https://www.pccomponentes.com/ordenador-sobremesa-pccom-ready-amd-ryzen-5-7600x-32gb-1tb-ssd-rtx-4060,1.149€,,"4,6/5",221 opiniones,PC sobremesa
29,2025-02-18 12:31:30,Lenovo IdeaCentre 3 07ACH7 AMD Ryzen 5 5600H/8GB/512GB SSD,https://www.pccomponentes.com/lenovo-ideacentre-3-07ach7-amd-ryzen-5-5600h-8gb-512gb-ssd,409€,479€,"4,7/5",40 opiniones,PC sobremesa
30,2025-02-18 12:31:30,PcCom Work Intel Core i5-12400 / 32GB / 2TB SSD,https://www.pccomponentes.com/ordenador-sobremesa-pccom-work-intel-core-i5-12400-32gb-2tb-ssd,"538,99€","599,49€","4,5/5",608 opiniones,PC sobremesa
31,2025-02-18 12:31:47,PcCom Ready Intel Core i5-12400F / 32GB / 1TB SSD / RTX4060,https://www.pccomponentes.com/ordenador-sobremesa-pccom-ready-intel-core-i5-12400f-32gb-1tb-ssd-rtx4060,879€,"977,32€","4,6/5",1066 opiniones,Intel
32,2025-02-18 12:31:47,PcCom Ready Intel Core i5-12400F / 32 GB / 1TB SSD / RTX4060 + Windows 11 Home,https://www.pccomponentes.com/ordenador-sobremesa-pccom-ready-intel-core-i5-12400f-32-gb-1tb-ssd-rtx4060-windows-11-home,999€,"1.199,28€","4,6/5",1066 opiniones,Intel
33,2025-02-18 12:31:47,PcCom Lite Intel Core i5-12400F / 16GB / 1TB SSD / RTX 3050 Negro,https://www.pccomponentes.com/ordenador-sobremesa-pccom-lite-intel-core-i5-12400f-16gb-1tb-ssd-rtx-3050-negro,669€,"723,05€","4,6/5",449 opiniones,Intel
34,2025-02-18 12:31:47,PcCom Ready Intel Core i5-12400F / 32 GB / 1TB SSD / RTX 4060,https://www.pccomponentes.com/ordenador-sobremesa-pccom-ready-intel-core-i5-12400f-32-gb-1tb-ssd-rtx-4060,869€,"984,35€","4,6/5",1066 opiniones,Intel
35,2025-02-18 12:31:47,PcCom Ready Intel Core i5 -12400F / 32GB / SSD 1TB / RTX 4060 / Windows 11 Home,https://www.pccomponentes.com/ordenador-sobremesa-pccom-ready-intel-core-i5-12400f-32gb-ssd-1tb-rtx-4060-windows-11-home,999€,"1.131,43€","4,6/5",1066 opiniones,Intel
36,2025-02-18 12:31:47,PcCom Lite Intel Core i5-12400F / 1TB SSD / 16GB / RTX 3050 Negro + Windows 11 Home,https://www.pccomponentes.com/ordenador-sobremesa-pccom-lite-intel-core-i5-12400f-1tb-ssd-16gb-rtx-3050-negro-windows-11-home,799€,"893,04€","4,6/5",449 opiniones,Intel
37,2025-02-18 12:31:47,PcCom Ready Intel Core i5-12400F / 32GB / 1TB SSD / RTX 4060 / Windows 11 Home - Blanco,https://www.pccomponentes.com/ordenador-sobremesa-pccom-ready-intel-core-i5-12400f-32gb-1tb-ssd-rtx-4060-windows-11-home-blanco,999€,"1.079,13€","4,6/5",1066 opiniones,Intel
38,2025-02-18 12:31:47,PcCom Imperial Intel Core i5-14600KF / 2TB SSD / 32GB / RTX 4070 Super + Windows 11 Home,https://www.pccomponentes.com/ordenador-sobremesa-pccom-imperial-intel-core-i5-14600kf-2tb-ssd-32gb-rtx-4070-super-windows-11-home,1.799€,"2.093,77€","4,7/5",62 opiniones,Intel
39,2025-02-18 12:31:47,PcCom Imperial Intel Core i7 -14700KF / 32GB / 2TB SSD / RTX 4070 Ti Super	+ Windows 11 Home,https://www.pccomponentes.com/pccom-imperial-intel-core-i7-14700kf-32gb-2tb-ssd-rtx-4070-ti-super-windows-11-home,"2.398,99€","2.643,05€","4,7/5",447 opiniones,Intel
40,2025-02-18 12:31:47,HP Pavilion TP01-5004ns Intel Core i5-14400/16GB/1TB SSD/RTX 3050,https://www.pccomponentes.com/ordenador-sobremesa-hp-pavilion-tp01-5004ns-intel-core-i5-14400-16gb-1tb-ssd-rtx-3050,679€,949€,"4,5/5",91 opiniones,Intel
41,2025-02-18 12:31:47,HP Slim Desktop S01-pF2044ns Intel Core i3-12100/8GB/256GB SSD,https://www.pccomponentes.com/hp-slim-desktop-s01-pf2044ns-intel-core-i3-12100-8gb-256gb-ssd,349€,459€,"4,6/5",52 opiniones,Intel
42,2025-02-18 12:31:47,PcCom Ready Intel Core i5-12400F / 32GB / 1TB SSD / RTX 4060 - Blanco,https://www.pccomponentes.com/ordenador-sobremesa-pccom-ready-intel-core-i5-12400f-32gb-1tb-ssd-rtx-4060-blanco,879€,"1.155,84€","4,6/5",1066 opiniones,Intel
43,2025-02-18 12:31:47,HP Pavilion TP01-4005ns Intel Core i5-13400/16GB/1TB SSD,https://www.pccomponentes.com/hp-pavilion-tp01-4005ns-intel-core-i5-13400-16gb-1tb-ssd,"628,99€",799€,"4,5/5",91 opiniones,Intel
44,2025-02-18 12:31:47,Acer Aspire XC-1780 Intel Core i3-13100/8GB/512GB SSD,https://www.pccomponentes.com/ordenador-sobremesa-acer-aspire-xc-1780-intel-core-i3-13100-8gb-512gb-ssd,399€,499€,"4,3/5",25 opiniones,Intel
45,2025-02-18 12:31:47,HP M01-F2045ns Intel Core i7-12700/16GB/512GB SSD,https://www.pccomponentes.com/hp-m01-f2045ns-intel-core-i7-12700-16gb-512gb-ssd,599€,749€,"4,8/5",34 opiniones,Intel
46,2025-02-18 12:31:47,HP Victus TG02-2015ns Intel Core i5-14400F/16GB/512GB SSD/RTX 3050 + Regalo 3 Meses PC Game Pass,https://www.pccomponentes.com/ordenador-sobremesa-hp-victus-tg02-2015ns-intel-core-i5-14400f-16gb-512gb-ssd-rtx-3050-regalo-3-meses-pc-game-pass,799€,999€,"4,5/5",42 opiniones,Intel
47,2025-02-18 12:31:47,PcCom iCUE Intel Core i5-13600KF / 32GB / 1TB SSD / RTX 4060 Ti,https://www.pccomponentes.com/ordenador-sobremesa-pccom-icue-intel-core-i5-13600kf-32gb-1tb-ssd-rtx-4060-ti,1.429€,"1.778,07€","4,6/5",82 opiniones,Intel
48,2025-02-18 12:31:47,Acer Nitro N50 N50-650 Intel Core i5-13400F/16GB/1TB SSD/RTX4060,https://www.pccomponentes.com/ordenador-sobremesa-acer-nitro-n50-n50-650-intel-core-i5-13400f-16gb-1tb-ssd-rtx4060,"898,99€",1.099€,"4,5/5",11 opiniones,Intel
49,2025-02-18 12:31:47,HP Slim Desktop S01-aF2014ns Intel Celeron J4025/8GB/256GB SSD,https://www.pccomponentes.com/ordenador-sobremesa-hp-slim-desktop-s01-af2014ns-intel-celeron-j4025-8gb-256gb-ssd,269€,329€,"4,6/5",52 opiniones,Intel
50,2025-02-18 12:31:54,"Apple MacBook Air Apple M3/16GB/512GB SSD/GPU 10 Núcleos/13.6"" Blanco Estrella",https://www.pccomponentes.com/apple-macbook-air-apple-m3-16gb-512gb-ssd-gpu-10-nucleos-136-blanco-estrella,1.359€,1.529€,"4,8/5",344 opiniones,MacBook Pro/Air
51,2025-02-18 12:31:54,"Apple MacBook Air Apple M3 8 Núcleos/16GB/256GB SSD/GPU 10 Núcleos/15.3"" Medianoche",https://www.pccomponentes.com/portatil-apple-macbook-air-apple-m3-8-nucleos-16gb-256gb-ssd-gpu-10-nucleos-153-medianoche,1.429€,1.599€,"4,7/5",3 opiniones,MacBook Pro/Air
52,2025-02-18 12:31:54,"Apple MacBook Pro Apple M4 Pro 14 Núcleos/24GB/1TB SSD/GPU 20 Núcleos/14"" Negro Espacial",https://www.pccomponentes.com/portatil-apple-macbook-pro-apple-m4-pro-14-nucleos-24gb-1tb-ssd-gpu-20-nucleos-14-negro-espacial,"2.688,46€",2.949€,"4,9/5",23 opiniones,MacBook Pro/Air
53,2025-02-18 12:31:54,"Apple MacBook Air Apple M3 8 Núcleos/24GB/512GB SSD/GPU 10 Núcleos/13.6"" Medianoche",https://www.pccomponentes.com/portatil-apple-macbook-air-apple-m3-8-nucleos-24gb-512gb-ssd-gpu-10-nucleos-136-medianoche,1.599€,1.759€,"4,8/5",344 opiniones,MacBook Pro/Air
54,2025-02-18 12:31:54,"Apple MacBook Air Apple M3/8GB/512GB SSD/GPU 10 Núcleos/13.6"" Blanco Estrella",https://www.pccomponentes.com/apple-macbook-air-apple-m3-8gb-512gb-ssd-gpu-10-nucleos-136-blanco-estrella,"1.278,99€",1.529€,"4,8/5",344 opiniones,MacBook Pro/Air
55,2025-02-18 12:31:54,"Apple MacBook Air Apple M3 8 Núcleos/16GB/256GB SSD/GPU 10 Núcleos/15.3"" Gris Espacial",https://www.pccomponentes.com/portatil-apple-macbook-air-apple-m3-8-nucleos-16gb-256gb-ssd-gpu-10-nucleos-153-gris-espacial,1.429€,1.599€,5/5,1 opiniones,MacBook Pro/Air
56,2025-02-18 12:31:54,"Apple MacBook Air Apple M3 8 Núcleos/16GB/256GB SSD/GPU 10 Núcleos/15.3"" Blanco Estrella",https://www.pccomponentes.com/portatil-apple-macbook-air-apple-m3-8-nucleos-16gb-256gb-ssd-gpu-10-nucleos-153-blanco-estrella,1.349€,1.599€,,,MacBook Pro/Air
57,2025-02-18 12:31:54,"Apple MacBook Air Apple M3 8 Núcleos/24GB/512GB SSD/GPU 10 Núcleos/13.6"" Gris Espacial",https://www.pccomponentes.com/portatil-apple-macbook-air-apple-m3-8-nucleos-24gb-512gb-ssd-gpu-10-nucleos-136-gris-espacial,1.599€,1.759€,"4,8/5",344 opiniones,MacBook Pro/Air
58,2025-02-18 12:31:54,"Apple MacBook Air Apple M3/8GB/512GB SSD/GPU 10 Núcleos/15.3"" Medianoche",https://www.pccomponentes.com/apple-macbook-air-apple-m3-8gb-512gb-ssd-gpu-10-nucleos-153-medianoche,1.539€,1.829€,"4,8/5",98 opiniones,MacBook Pro/Air
59,2025-02-18 12:31:54,"Apple MacBook Pro Apple M4 Pro 12 Núcleos/24GB/512GB SSD/GPU 16 Núcleos/14"" Plata",https://www.pccomponentes.com/portatil-apple-macbook-pro-apple-m4-pro-12-nucleos-24gb-512gb-ssd-gpu-16-nucleos-14-plata,2.299€,,"4,9/5",23 opiniones,MacBook Pro/Air
60,2025-02-18 12:31:54,"Apple MacBook Pro Apple M4 Pro 14 Núcleos/48GB/512GB SSD/GPU 20 Núcleos/16"" Negro Espacial",https://www.pccomponentes.com/portatil-apple-macbook-pro-apple-m4-pro-14-nucleos-48gb-512gb-ssd-gpu-20-nucleos-16-negro-espacial,3.199€,,"4,8/5",6 opiniones,MacBook Pro/Air
61,2025-02-18 12:31:54,"Apple MacBook Air Apple M3/8GB/512GB SSD/GPU 10 Núcleos/15.3"" Plata",https://www.pccomponentes.com/apple-macbook-air-apple-m3-8gb-512gb-ssd-gpu-10-nucleos-153-plata,1.449€,1.829€,"4,8/5",98 opiniones,MacBook Pro/Air
62,2025-02-18 12:31:54,"Apple MacBook Pro Apple M4 Max 14 Núcleos/36GB/1TB SSD/GPU 32 Núcleos/14"" Negro Espacial",https://www.pccomponentes.com/portatil-apple-macbook-pro-apple-m4-max-14-nucleos-36gb-1tb-ssd-gpu-32-nucleos-14-negro-espacial,3.549€,3.849€,"4,9/5",23 opiniones,MacBook Pro/Air
63,2025-02-18 12:31:54,"Apple MacBook Air Apple M2 8 Núcleos/16GB/256GB SSD/GPU 8 Núcleos/13.6"" Midnight",https://www.pccomponentes.com/portatil-apple-macbook-air-apple-m2-8-nucleos-16gb-256gb-ssd-gpu-8-nucleos-136-midnight,1.089€,1.199€,5/5,2 opiniones,MacBook Pro/Air
64,2025-02-18 12:31:54,"Apple MacBook Air Apple M3/8GB/512GB SSD/GPU 10 Núcleos/13.6"" Medianoche",https://www.pccomponentes.com/apple-macbook-air-apple-m3-8gb-512gb-ssd-gpu-10-nucleos-136-medianoche,"1.278,99€",1.529€,"4,8/5",344 opiniones,MacBook Pro/Air
65,2025-02-18 12:31:54,"Apple MacBook Pro Apple M4 Pro 14 Núcleos/24GB/1TB SSD/GPU 20 Núcleos/14"" Plata",https://www.pccomponentes.com/portatil-apple-macbook-pro-apple-m4-pro-14-nucleos-24gb-1tb-ssd-gpu-20-nucleos-14-plata,2.749€,2.949€,"4,9/5",23 opiniones,MacBook Pro/Air
66,2025-02-18 12:31:54,"Apple MacBook Air Apple M3/8GB/512GB SSD/GPU 10 Núcleos/13.6"" Plata",https://www.pccomponentes.com/apple-macbook-air-apple-m3-8gb-512gb-ssd-gpu-10-nucleos-136-plata,"1.278,99€",1.529€,"4,8/5",344 opiniones,MacBook Pro/Air
67,2025-02-18 12:31:54,"Apple MacBook Air Apple M3 8 Núcleos/16GB/256GB SSD/GPU 10 Núcleos/15.3"" Plata",https://www.pccomponentes.com/portatil-apple-macbook-air-apple-m3-8-nucleos-16gb-256gb-ssd-gpu-10-nucleos-153-plata,1.429€,1.599€,,,MacBook Pro/Air
68,2025-02-18 12:31:54,"Apple MacBook Air Apple M3 8 Núcleos/24GB/512GB SSD/GPU 10 Núcleos/13.6"" Blanco Estrella",https://www.pccomponentes.com/portatil-apple-macbook-air-apple-m3-8-nucleos-24gb-512gb-ssd-gpu-10-nucleos-136-blanco-estrella,1.599€,1.759€,5/5,1 opiniones,MacBook Pro/Air
69,2025-02-18 12:31:54,"Apple MacBook Air Apple M3 8 Núcleos/24GB/512GB SSD/GPU 10 Núcleos/13.6"" Plata",https://www.pccomponentes.com/portatil-apple-macbook-air-apple-m3-8-nucleos-24gb-512gb-ssd-gpu-10-nucleos-136-plata,1.599€,1.759€,"4,8/5",344 opiniones,MacBook Pro/Air
70,2025-02-18 12:31:54,"Apple MacBook Air Apple M3/8GB/512GB SSD/GPU 10 Núcleos/13.6"" Gris Espacial",https://www.pccomponentes.com/apple-macbook-air-apple-m3-8gb-512gb-ssd-gpu-10-nucleos-136-gris-espacial,"1.278,99€",1.529€,"4,8/5",344 opiniones,MacBook Pro/Air
71,2025-02-18 12:31:54,"Apple MacBook Pro Apple M4 Max 14 Núcleos/36GB/1TB SSD/GPU 32 Núcleos/16"" Negro Espacial",https://www.pccomponentes.com/portatil-apple-macbook-pro-apple-m4-max-14-nucleos-36gb-1tb-ssd-gpu-32-nucleos-16-negro-espacial,3.899€,,"4,8/5",6 opiniones,MacBook Pro/Air
72,2025-02-18 12:31:54,"Apple MacBook Air Apple M3 8 Núcleos/24GB/512GB SSD/GPU 10 Núcleos/15.3"" Gris Espacial",https://www.pccomponentes.com/portatil-apple-macbook-air-apple-m3-8-nucleos-24gb-512gb-ssd-gpu-10-nucleos-153-gris-espacial,1.969€,,5/5,1 opiniones,MacBook Pro/Air
73,2025-02-18 12:31:54,"Apple MacBook Air Apple M3 8 Núcleos/24GB/512GB SSD/GPU 10 Núcleos/15.3"" Medianoche",https://www.pccomponentes.com/portatil-apple-macbook-air-apple-m3-8-nucleos-24gb-512gb-ssd-gpu-10-nucleos-153-medianoche,1.969€,,4/5,1 opiniones,MacBook Pro/Air
74,2025-02-18 12:31:54,"Apple MacBook Air Apple M3/8GB/512GB SSD/GPU 10 Núcleos/15.3"" Blanco Estrella",https://www.pccomponentes.com/apple-macbook-air-apple-m3-8gb-512gb-ssd-gpu-10-nucleos-153-blanco-estrella,1.539€,1.829€,"4,8/5",98 opiniones,MacBook Pro/Air
75,2025-02-18 12:31:54,"Apple MacBook Pro Apple M4 Max 14 Núcleos/36GB/1TB SSD/GPU 32 Núcleos/14"" Plata",https://www.pccomponentes.com/portatil-apple-macbook-pro-apple-m4-max-14-nucleos-36gb-1tb-ssd-gpu-32-nucleos-14-plata,3.549€,3.849€,"4,9/5",23 opiniones,MacBook Pro/Air
76,2025-02-18 12:31:54,"Apple MacBook Air Apple M3/8GB/256GB SSD/GPU 10 Núcleos/15.3"" Blanco Estrella",https://www.pccomponentes.com/apple-macbook-air-apple-m3-8gb-256gb-ssd-gpu-10-nucleos-153-blanco-estrella,"1.441,15€",1.599€,"4,8/5",98 opiniones,MacBook Pro/Air
77,2025-02-18 12:31:54,"Apple Macbook Air Apple M2/8GB/512 GB SSD/GPU Deca Core/13.6"" Plata",https://www.pccomponentes.com/apple-macbook-air-apple-m2-8gb-512-gb-ssd-gpu-deca-core-136-plata,1.139€,1.429€,"4,8/5",462 opiniones,MacBook Pro/Air
78,2025-02-18 12:31:54,"Apple MacBook Pro Apple M4 Pro 12 Núcleos/24GB/512GB SSD/GPU 16 Núcleos/14"" Negro Espacial",https://www.pccomponentes.com/portatil-apple-macbook-pro-apple-m4-pro-12-nucleos-24gb-512gb-ssd-gpu-16-nucleos-14-negro-espacial,2.449€,,"4,9/5",23 opiniones,MacBook Pro/Air
79,2025-02-18 12:31:54,"Apple MacBook Air Apple M2 8 Núcleos/16GB/256GB SSD/GPU 8 Núcleos/13.6"" Gris Espacial",https://www.pccomponentes.com/portatil-apple-macbook-air-apple-m2-8-nucleos-16gb-256gb-ssd-gpu-8-nucleos-136-gris-espacial,1.089€,1.199€,5/5,2 opiniones,MacBook Pro/Air
80,2025-02-18 12:31:54,"Apple MacBook Air Apple M3/8GB/256GB SSD/GPU 10 Núcleos/15.3"" Medianoche",https://www.pccomponentes.com/apple-macbook-air-apple-m3-8gb-256gb-ssd-gpu-10-nucleos-153-medianoche?refurbished,1.060€,,"4,8/5",98 opiniones,MacBook Pro/Air
81,2025-02-18 12:31:54,"Apple MacBook Pro Apple M4 Pro 14 Núcleos/24GB/512GB SSD/GPU 20 Núcleos/16"" Plata",https://www.pccomponentes.com/portatil-apple-macbook-pro-apple-m4-pro-14-nucleos-24gb-512gb-ssd-gpu-20-nucleos-16-plata?refurbished,"2.618,80€",,"4,8/5",6 opiniones,MacBook Pro/Air
82,2025-02-18 12:31:54,"Apple Macbook Pro Apple M3 Max 16 Núcleos/48GB/1TB SSD/GPU 40 Núcleos/16"" Negro Espacial",https://www.pccomponentes.com/apple-macbook-pro-apple-m3-max-16-nucleos-48gb-1tb-ssd-gpu-40-nucleos-16-negro-espacial,4.219€,4.899€,"4,9/5",19 opiniones,MacBook Pro/Air
83,2025-02-18 12:31:54,"Apple MacBook Air Apple M3 8 Núcleos/24GB/512GB SSD/GPU 10 Núcleos/15.3"" Plata",https://www.pccomponentes.com/portatil-apple-macbook-air-apple-m3-8-nucleos-24gb-512gb-ssd-gpu-10-nucleos-153-plata,1.969€,,,,MacBook Pro/Air
84,2025-02-18 12:31:54,"Apple MacBook Air Apple M3/16GB/512GB SSD/GPU 10 Núcleos/15.3"" Blanco Estrella",https://www.pccomponentes.com/apple-macbook-air-apple-m3-16gb-512gb-ssd-gpu-10-nucleos-153-blanco-estrella,1.669€,1.829€,"4,8/5",98 opiniones,MacBook Pro/Air
85,2025-02-18 12:32:01,"Alurin Go Start Intel Celeron N4020/8GB/256GB SSD/15.6""",https://www.pccomponentes.com/alurin-go-start-intel-celeron-n4020-8gb-256gb-ssd-156,229€,"309,99€","3,9/5",421 opiniones,Portátiles
86,2025-02-18 12:32:01,"PcCom Revolt 4060 Intel Core i9-14900HX/32GB/1TB SSD/RTX 4060/17.3"" + Windows 11 Home",https://www.pccomponentes.com/pccom-revolt-4060-intel-core-i9-14900hx-32gb-1tb-ssd-rtx-4060-173-windows-11-home,"1.699,99€","1.929,99€","4,6/5",131 opiniones,Portátiles
87,2025-02-18 12:32:01,"ASUS TUF Gaming A15 FA506NCR-HN006 AMD Ryzen 7 7435HS/16GB/512GB SSD/RTX 3050/15.6""",https://www.pccomponentes.com/portatil-asus-tuf-gaming-a15-fa506ncr-hn006-amd-ryzen-7-7435hs-16gb-512gb-ssd-rtx-3050-156,799€,899€,"4,6/5",302 opiniones,Portátiles
88,2025-02-18 12:32:01,"HP 15-fd0080ns Intel Core i5-1334U/16GB/512GB SSD/15.6""",https://www.pccomponentes.com/hp-15-fd0080ns-intel-core-i5-1334u-16gb-512gb-ssd-156,539€,679€,"4,6/5",543 opiniones,Portátiles
89,2025-02-18 12:32:01,"Lenovo IdeaPad Slim 3 Gen 8 15IRH8 Intel Core i7-13620H/16GB/1TB SSD/15.6""",https://www.pccomponentes.com/portatil-lenovo-ideapad-slim-3-gen-8-15irh8-intel-core-i7-13620h-16gb-1tb-ssd-156,689€,849€,"4,5/5",80 opiniones,Portátiles
90,2025-02-18 12:32:01,"Lenovo IdeaPad Slim 3 15IRH8 Intel Core i5-13420H/16GB/512GB SSD/15.6""",https://www.pccomponentes.com/portatil-lenovo-ideapad-slim-3-15irh8-intel-core-i5-13420h-16gb-512gb-ssd-156,479€,669€,"4,5/5",235 opiniones,Portátiles
91,2025-02-18 12:32:01,"Lenovo IdeaPad Slim 3 15IAH8 Intel Core i5-12450H/16GB/512 GB SSD/15.6""",https://www.pccomponentes.com/portatil-lenovo-ideapad-slim-3-15iah8-intel-core-i5-12450h-16gb-512-gb-ssd-156,519€,649€,"4,8/5",38 opiniones,Portátiles
92,2025-02-18 12:32:01,"HP Victus Gaming 16-r0036ns Intel Core i7-13620H/32GB/1TB SSD/RTX 4060/16.1""",https://www.pccomponentes.com/hp-victus-gaming-16-r0036ns-intel-core-i7-13620h-32gb-1tb-ssd-rtx-4060-161,1.129€,1.399€,"4,6/5",1234 opiniones,Portátiles
93,2025-02-18 12:32:01,ASUS TUF Gaming F17 FX707VI-HX040 Intel Core i7-13620H/32GB/1TB SSD/RTX 4070/17.3'',https://www.pccomponentes.com/asus-tuf-gaming-f17-fx707vi-hx040-intel-core-i7-13620h-32gb-1tb-ssd-rtx-4070-173,1.899€,,"4,7/5",132 opiniones,Portátiles
94,2025-02-18 12:32:01,"Acer Gaming Nitro V 15 ANV15-41 AMD Ryzen 7 7735HS/32GB/1TB SSD/RTX 4060/15.6""",https://www.pccomponentes.com/portatil-acer-gaming-nitro-v-15-anv15-41-amd-ryzen-7-7735hs-32gb-1tb-ssd-rtx-4060-156,999€,1.199€,"4,4/5",1242 opiniones,Portátiles
95,2025-02-18 12:32:01,"MSI Thin 15 B12UC-1839XES Intel Core i7-12650H/16GB/1TB SSD/RTX 3050/15.6""",https://www.pccomponentes.com/portatil-msi-thin-15-b12uc-1839xes-intel-core-i7-12650h-16gb-1tb-ssd-rtx-3050-156,779€,929€,"4,5/5",475 opiniones,Portátiles
96,2025-02-18 12:32:01,"Lenovo IdeaPad Slim 3 Gen 8 15IRH8 Intel Core i5-13420H/16GB/1TB SSD/15.6""",https://www.pccomponentes.com/portatil-lenovo-ideapad-slim-3-gen-8-15irh8-intel-core-i5-13420h-16gb-1tb-ssd-156,509€,859€,"4,5/5",80 opiniones,Portátiles
97,2025-02-18 12:32:01,"ASUS Vivobook 15 M1502YA-NJ506W AMD Ryzen 7 7730U/16GB/512GB SSD/15.6""",https://www.pccomponentes.com/portatil-asus-vivobook-15-m1502ya-nj506w-amd-ryzen-7-7730u-16gb-512gb-ssd-156,649€,,"4,6/5",31 opiniones,Portátiles
98,2025-02-18 12:32:01,"MSI Modern 15 H C13M-087XES Intel Core i7-13620H/32GB/1TB SSD/15.6""",https://www.pccomponentes.com/msi-modern-15-h-c13m-087xes-intel-core-i7-13620h-32gb-1tb-ssd-156,729€,899€,"4,5/5",589 opiniones,Portátiles
99,2025-02-18 12:32:01,"Acer Gaming Nitro 5 AN515-58 Intel Core i9-12900H/32GB/1TB SSD/RTX 4060/15.6""",https://www.pccomponentes.com/portatil-acer-gaming-nitro-5-an515-58-intel-core-i9-12900h-32gb-1tb-ssd-rtx-4060-156,1.199€,1.499€,"4,7/5",82 opiniones,Portátiles
100,2025-02-18 12:32:01,"ASUS Vivobook Go 15 E1504GA-NJ646 Intel Core i3-N305/8GB/256GB UFS/15.6""",https://www.pccomponentes.com/portatil-asus-vivobook-go-15-e1504ga-nj646-intel-core-i3-n305-8gb-256gb-ufs-156,499€,,"4,4/5",107 opiniones,Portátiles
101,2025-02-18 12:32:01,Acer Gaming Predator Helios Neo 16 PHN16-72 Intel Core i9-14900HX/32GB/1TB SSD/RTX 4070/16'',https://www.pccomponentes.com/portatil-acer-gaming-predator-helios-neo-16-phn16-72-intel-core-i9-14900hx-32gb-1tb-ssd-rtx-4070-16,1.599€,1.899€,"4,9/5",16 opiniones,Portátiles
102,2025-02-18 12:32:01,"HP Victus Gaming 16-r0037ns Intel Core i7-13620H/32GB/1TB SSD/RTX 4070/16.1""",https://www.pccomponentes.com/hp-victus-gaming-16-r0037ns-intel-core-i7-13620h-32gb-1tb-ssd-rtx-4070-161,1.279€,1.599€,"4,6/5",1234 opiniones,Portátiles
103,2025-02-18 12:32:01,"Apple MacBook Air Apple M3 8 Núcleos/16GB/256GB SSD/GPU 8 Núcleos/13.6"" Medianoche",https://www.pccomponentes.com/portatil-apple-macbook-air-apple-m3-8-nucleos-16gb-256gb-ssd-gpu-8-nucleos-136-medianoche,"1.128,96€",1.299€,"4,8/5",344 opiniones,Portátiles
104,2025-02-18 12:32:01,"Acer Gaming Nitro V 15 ANV15-41 AMD Ryzen 7 7735HS/16GB/1TB SSD/RTX 4050/15.6""",https://www.pccomponentes.com/portatil-acer-gaming-nitro-v-15-anv15-41-amd-ryzen-7-7735hs-16gb-1tb-ssd-rtx-4050-156,849€,1.099€,"4,4/5",76 opiniones,Portátiles
105,2025-02-18 12:32:01,"Acer Aspire 3 15 A315-44P AMD Ryzen 7 5700U/16GB/512 GB SSD/15.6""",https://www.pccomponentes.com/portatil-acer-aspire-3-15-a315-44p-amd-ryzen-7-5700u-16gb-512-gb-ssd-156,529€,599€,"4,4/5",101 opiniones,Portátiles
106,2025-02-18 12:32:01,"HP OMEN 17-db0005ns AMD Ryzen 9 8945HS/32GB/1TB SSD/RTX 4060/17.3""",https://www.pccomponentes.com/hp-omen-17-db0005ns-amd-ryzen-9-8945hs-32gb-1tb-ssd-rtx-4060-173,1.299€,1.699€,"4,6/5",129 opiniones,Portátiles
107,2025-02-18 12:32:01,"Apple MacBook Air Apple M3/16GB/512GB SSD/GPU 10 Núcleos/13.6"" Medianoche",https://www.pccomponentes.com/apple-macbook-air-apple-m3-16gb-512gb-ssd-gpu-10-nucleos-136-medianoche,1.359€,1.529€,"4,8/5",344 opiniones,Portátiles
108,2025-02-18 12:32:01,"MSI Sword 16 HX B14VGKG-878XES Intel Core i7-14650HX/32GB/1TB SSD/RTX 4070/16""",https://www.pccomponentes.com/portatil-msi-sword-16-hx-b14vgkg-878xes-intel-core-i7-14650hx-32gb-1tb-ssd-rtx-4070-16,1.409€,1.619€,"4,5/5",188 opiniones,Portátiles
109,2025-02-18 12:32:01,"MSI Cyborg 15 A13VE-472XES Intel Core i7-13620H/16GB/1TB SSD/RTX 4050/15.6""",https://www.pccomponentes.com/msi-cyborg-15-a13ve-472xes-intel-core-i7-13620h-16gb-1tb-ssd-rtx-4050-156,919€,1.099€,"4,6/5",501 opiniones,Portátiles
110,2025-02-18 12:32:01,"ASUS TUF Gaming A15 FA507NVR-LP010W AMD Ryzen 7 7435HS/16GB/1TB SSD/RTX 4060/15.6""",https://www.pccomponentes.com/portatil-asus-tuf-gaming-a15-fa507nvr-lp010w-amd-ryzen-7-7435hs-16gb-1tb-ssd-rtx-4060-156,1.199€,,"4,8/5",24 opiniones,Portátiles
111,2025-02-18 12:32:01,"MSI Sword 16 HX B14VFKG-054XES Intel Core i9-14900HX/32GB/1TB SSD/RTX 4060/16""",https://www.pccomponentes.com/msi-sword-16-hx-b14vfkg-054xes-intel-core-i9-14900hx-32gb-1tb-ssd-rtx-4060-16,"1.548,99€",1.699€,"4,5/5",188 opiniones,Portátiles
112,2025-02-18 12:32:01,"Lenovo IdeaPad Slim 3 15IRH8 Intel Core i5-13420H/16GB/1TB SSD/15.6""",https://www.pccomponentes.com/portatil-lenovo-ideapad-slim-3-15irh8-intel-core-i5-13420h-16gb-1tb-ssd-156,599€,"747,63€","4,5/5",235 opiniones,Portátiles
113,2025-02-18 12:32:01,"Lenovo LOQ 15IRH8 Intel Core i5-12450H/16GB/512GB SSD/RTX4050/15.6""",https://www.pccomponentes.com/portatil-lenovo-loq-15irh8-intel-core-i5-12450h-16gb-512gb-ssd-rtx4050-156,729€,1.049€,"4,7/5",53 opiniones,Portátiles
114,2025-02-18 12:32:01,"Apple MacBook Air Apple M3 8 Núcleos/16GB/256GB SSD/GPU 8 Núcleos/13.6"" Blanco Estrella",https://www.pccomponentes.com/portatil-apple-macbook-air-apple-m3-8-nucleos-16gb-256gb-ssd-gpu-8-nucleos-136-blanco-estrella,"1.079,01€",1.299€,"4,8/5",344 opiniones,Portátiles
115,2025-02-18 12:32:01,"ASUS Vivobook 15 M1502YA-NJ201W AMD Ryzen 7 7730U/16GB/512GB SSD/15.6""",https://www.pccomponentes.com/portatil-asus-vivobook-15-m1502ya-nj201w-amd-ryzen-7-7730u-16gb-512gb-ssd-156,"748,99€",,"4,5/5",963 opiniones,Portátiles
116,2025-02-18 12:32:01,"ASUS Vivobook S 14 OLED S5406MA-QD089W Intel Core Ultra 9 185H/16GB/1TB SSD/14""",https://www.pccomponentes.com/portatil-asus-vivobook-s-14-oled-s5406ma-qd089w-intel-core-ultra-9-185h-16gb-1tb-ssd-14,"1.169,01€",,"4,3/5",47 opiniones,Portátiles
117,2025-02-18 12:32:01,"HP 15-FD0079NS Intel Core i5-1334U/16GB/1TB SSD/15.6""",https://www.pccomponentes.com/hp-15-fd0079ns-intel-core-i5-1334u-16gb-1tb-ssd-156,499€,599€,"4,6/5",1254 opiniones,Portátiles
118,2025-02-18 12:32:01,"MSI Katana 15 B13VFK-1854XES Intel Core i7-13700H/16GB/1TB SSD/RTX 4060/15.6""",https://www.pccomponentes.com/msi-katana-15-b13vfk-1854xes-intel-core-i7-13700h-16gb-1tb-ssd-rtx-4060-156,"1.098,99€",1.292€,"4,5/5",244 opiniones,Portátiles
119,2025-02-18 12:32:01,"MSI Thin A15 B7VE-071XES AMD Ryzen 5 7535HS/16GB/512GB SSD/RTX 4050/15.6""",https://www.pccomponentes.com/portatil-msi-thin-a15-b7ve-071xes-amd-ryzen-5-7535hs-16gb-512gb-ssd-rtx-4050-156,739€,999€,"4,5/5",475 opiniones,Portátiles
120,2025-02-18 12:32:01,"Apple MacBook Air Apple M3 8 Núcleos/16GB/256GB SSD/GPU 8 Núcleos/13.6"" Gris Espacial",https://www.pccomponentes.com/portatil-apple-macbook-air-apple-m3-8-nucleos-16gb-256gb-ssd-gpu-8-nucleos-136-gris-espacial,"1.128,96€",1.299€,"4,8/5",344 opiniones,Portátiles
121,2025-02-18 12:32:01,"Apple MacBook Air Apple M3 8 Núcleos/16GB/256GB SSD/GPU 8 Núcleos/13.6"" Plata",https://www.pccomponentes.com/portatil-apple-macbook-air-apple-m3-8-nucleos-16gb-256gb-ssd-gpu-8-nucleos-136-plata,"1.128,96€",1.299€,"4,8/5",344 opiniones,Portátiles
122,2025-02-18 12:32:01,"Lenovo LOQ Gen 7 15ARP9 AMD Ryzen 7 7435HS/24GB/1TB SSD/RTX 4060/15.6""",https://www.pccomponentes.com/portatil-lenovo-loq-gen-7-15arp9-amd-ryzen-7-7435hs-24gb-1tb-ssd-rtx-4060-156,949€,1.099€,"4,6/5",50 opiniones,Portátiles
123,2025-02-18 12:32:01,"ASUS ZenBook 14 OLED UX3405MA-PZ266W Intel Evo Core Ultra 7 155H/16GB/512GB SSD/14""",https://www.pccomponentes.com/asus-zenbook-14-oled-ux3405ma-pz266w-intel-evo-core-ultra-7-155h-16gb-512gb-ssd-14,1.449€,,4/5,10 opiniones,Portátiles
124,2025-02-18 12:32:01,"ASUS Vivobook 16X K3605ZF-MB484 Intel Core i5-12500H/16GB/512GB SSD/RTX 2050/16""",https://www.pccomponentes.com/portatil-asus-vivobook-16x-k3605zf-mb484-intel-core-i5-12500h-16gb-512gb-ssd-rtx-2050-16,779€,,"4,2/5",17 opiniones,Portátiles
